sample_id,ctle_dc,mlse_ber,log10_ber,ffe_tap_0,ffe_tap_1,ffe_tap_2,ffe_tap_3,ffe_tap_4,ffe_tap_5,ffe_tap_6,ffe_tap_7,ffe_tap_8,tx_fir_0,tx_fir_1,tx_fir_2,tx_fir_3,tx_fir_4,tx_fir_5,tx_fir_6
0,-12.660498181228087,0.27297608758282915,-0.563875395031302,-0.003095824194223851,0.018244486240991797,0.0005656083203544604,-0.14278947211623746,0.44264157311411956,-0.1983767093915506,0.03209751059345296,-0.09904455880796142,-0.06314425722110782,-0.0037767616706200135,-0.007474710685548402,0.05543319632214047,-0.01965073700197471,-0.0030779227914601013,-0.0161336632756671,-0.009303795085499606
1,-9.770210760976667,0.2840499855949294,-0.5466052284111649,-0.06580154375158227,-0.017483192096930323,-0.07570705995539441,-0.19857546048032268,0.35004264809319874,-0.07329104645308329,0.05022634320469066,0.0750910451128609,0.09378166085193668,-0.022211272648102336,-0.01901812741668515,0.04686414776109936,-0.002219184122145596,0.010563749772720735,0.016867304634058288,0.018616569696246484
2,-10.154675360596325,0.28978500432152116,-0.5379240919805,-0.07131052468797032,-0.022526657596488267,-0.0950323509603415,-0.017418103872519478,0.38329414409009255,-0.2178827920975796,0.012427515514711197,0.08088646601170496,0.09922144516859216,-0.01698815264136134,0.005101178263920841,0.0524772982912439,-0.02077772225121192,-0.0020272224261361645,0.01540604912236683,0.01983308525128821
3,-11.230315417453486,0.251089383462979,-0.6001716496961513,0.09182478493685108,-0.06061715796827019,-0.058732195812969824,-0.010979048623631263,0.5248836907401297,-0.11387003892973682,0.04669669856744738,0.002518161175860523,-0.08987822324510324,-0.010671157129114569,0.012661897890793616,0.07646399024772801,-0.001319997260951411,0.004950127135697113,-0.0009223063593711263,-0.01127459447433199
4,-13.413161568223233,0.2919997839239412,-0.5346174699237554,0.09948031397865811,-0.05390281970490374,0.031092362603796466,-0.13467925597873004,0.3828757590001728,-0.08374860767548932,0.08066928721576867,-0.082801060408009,0.05075053343447183,-0.00081249817801607,-0.007230861463898863,0.04992232470024506,-0.004194406218025941,0.00609585788669331,-0.010151579574752625,0.0067849829562722525
5,-12.426376137054724,0.2615150532987612,-0.582503307269267,-0.047219057429987214,0.0784500864838793,-0.03715331241572097,-0.1867299820158999,0.35980643296098025,-0.05855900993443722,0.09920036719009957,-0.044029449079004024,0.08885230248999146,-0.012580112314128254,-0.011651313730346358,0.04774698831959189,-0.0010524148574695708,0.010903561511736241,-0.0026316944091185983,0.013366297939852534
6,-8.25043777703699,0.2015719533275713,-0.6955698956512603,-0.06282066151450534,-0.011122916124087869,-0.0018356631021533621,-0.058274964783811584,0.5870554997544858,-0.15455918799251062,0.0955418797058561,-0.018673611847161875,0.010115615175427473,-0.003857677010346135,0.007954132026320535,0.09337350027576885,0.00883728815778655,0.01674043954397119,0.004324451750202978,0.005977154011688373
7,-11.105364582995943,0.2883805099394987,-0.5400340945481472,-0.09905999542966411,-0.002538873280002363,-0.05021431760263199,-0.17823682864298165,0.46800570506599015,-0.10721580039225044,-0.09212327133827176,-0.0017468695569294536,-0.0008583386912781155,-0.015580143452354013,-0.007485766132970245,0.06285229031169202,-0.013563433250360477,-0.015807022032440558,-0.0026544575776890444,0.0011528733219887308
8,-11.786290166452382,0.2954479976951887,-0.5295189489670269,0.06458638770692733,0.015064242056538625,0.03576678903324373,-0.065125535568088,0.4322940581088339,-0.19517437503106672,0.07335233394109242,0.0417718713906349,0.07686440716357437,0.003787677754757468,0.0041641406723310955,0.05726324576201151,-0.016479487308241118,0.007928690559525962,0.010317076726352995,0.014419784632520338
9,-15.120167164016538,0.25433052434456926,-0.5946015133639567,-0.0056255474457602705,0.07274391846133586,0.07133210832036918,-0.08409084829253544,0.5704653525973709,-0.06236019144310255,-0.014889437402385797,-0.025847508921005558,-0.09264508711613441,0.0073077562757416226,0.004519047659129407,0.07249121508829638,-0.007431733496141617,-0.009181863059153224,-0.008821723824687856,-0.011101272007437511
10,-13.458880944339283,0.23669331604724864,-0.6258140058849553,-0.008609248410852676,-0.08678528150031095,-0.013784625102296123,-0.04552408490438591,0.6308139919785604,-0.09120604835659152,0.017478869627524454,-0.02944725044221356,-0.07635059967726442,-0.004048893642453366,0.01267787789504304,0.08552928946801344,-0.005078024490303497,-0.0037840362923816256,-0.00813509952055931,-0.009650567101451159
11,-11.403558649895226,0.2494057908383751,-0.6030934670565332,0.09215240934180197,-0.015634322762830423,0.04120117146475702,-0.09706347984583807,0.570116799943184,-0.11787670550939089,0.0008849963841368159,-0.05886756075663599,0.006202553991424842,0.00311001996191885,0.0037850191811317894,0.08056613492748348,-0.002585228314992088,-0.003598686929850758,-0.008579045797680889,0.002039451376847456
12,-15.801363124773633,0.2677362431575915,-0.5722928348723362,0.087614436151386,-0.08361040958617537,0.006176894840665548,-0.04880945345918093,0.5201145529220955,-0.14722382649660262,-0.0023168782757675755,-0.052707091131756936,-0.05142645713636951,-0.0015217814488303898,0.009045314766869738,0.06410035038198766,-0.01990453850689003,-0.008264567239458015,-0.010027087846500535,-0.005366819981539116
13,-9.519038531079122,0.2100169259579372,-0.6777457026284119,0.08112214817619626,-0.03772837215910042,-0.022509235362809778,-0.09433639187565096,0.6062125570004528,-0.10459938640621927,0.007662222715440459,-0.04166322960868244,-0.004166456695447562,-0.008084912927709737,0.011518472547626155,0.09251709234706203,0.0005932608233887576,0.0016287028542058188,-0.005157950123754246,0.0019083448308359148
14,-15.614546478637028,0.2812590031691155,-0.5508935667860553,-0.05331944484933115,0.06742190324453583,0.0915863881291098,-0.08235057828871084,0.39522710936371674,-0.21868237187414752,-0.019700480473507188,-0.03832424455880158,-0.03338747921813935,0.010311879200084995,-0.0001609443637638566,0.04381088084521932,-0.02925602131011535,-0.008222410912351184,-0.00570050494727807,-0.002189834153745225
15,-10.011476488380172,0.2915496254681648,-0.5352875121479747,0.015908784515881205,-0.09583423685296578,0.05007078625222841,-0.12313094090900115,0.388491831944199,-0.13433091999968974,-0.08994663332335265,0.050037172022581934,0.05224869418010008,0.0006458786446579797,-0.00640308505757378,0.053451453470555,-0.010481775280223687,-0.015524027167544288,0.005645695949265967,0.011056883994825547
16,-13.142439854239779,0.26006554307116103,-0.5849171850796324,-0.03389395760422782,0.05893209734763243,0.046673724010629795,-0.16208268960988617,0.47085491265746393,-0.0957556458412202,-0.024086448319521326,-0.03530516769677743,0.07241535691264094,0.0028867328734870986,-0.008641134012597335,0.06115788626561931,-0.007119425209314365,-0.007817122316781375,-0.0042663725752022435,0.01141345833512454
17,-13.906561895222017,0.28170916162489196,-0.5501990288451246,0.0177838554258438,-0.04843430296454178,0.05331103962784076,-0.10512493513535603,0.4162946440990083,-0.1646376905387676,-0.08290797845714754,-0.07507458996767064,-0.03643096378382359,0.0037987937387996018,-0.0015719816897330817,0.05149928248461517,-0.021136274428004843,-0.017951621162378188,-0.012740949266813427,-0.0035022809119307032
18,-14.126546854102418,0.296645419187554,-0.5277623536704621,-0.02892085596357953,0.0958503497752953,0.037780590122434066,-0.05348368913544976,0.34449250329402425,-0.19331915897252966,-0.07923300588825721,0.08673144442870913,0.08018840241972103,0.004605009689339822,0.0022279617354970522,0.04031001044568526,-0.025941224696659285,-0.012452764957669015,0.013952723482615085,0.013951759188049648
19,-8.919777283113113,0.27230084989916453,-0.5649510031479483,-0.08206022851692686,-0.029023860362270417,-0.08774417428019586,-0.12865843127032808,0.4116102626539646,-0.09817964247756929,0.04225961175998785,0.09203049774377668,0.02843329093498033,-0.022813916257030335,-0.007045010227065734,0.058807294985857586,-0.002604209764933641,0.010850730884739465,0.01813771187064991,0.010146886548561423
20,-8.439486337815843,0.19785364448285797,-0.7036559455788124,-0.0275631699635141,0.024426213441208544,-0.0660754334415458,-0.08926371620732317,0.5801025598583763,-0.05708804972844396,0.05335335494732896,0.05850536908450517,0.043622133327753956,-0.014841883887423574,0.008967021570686092,0.09404227726120455,0.014929863647076115,0.017316120842972457,0.01741180035142983,0.015166113193325977
21,-9.099929926533996,0.25801282051282054,-0.5883587136505742,-0.08904984206369147,-0.04374725260213513,-0.004963882300022738,-0.13649103172964597,0.47492500774822144,-0.1733244506884996,-0.008613137266497973,0.04728292676736905,0.021602468833916633,-0.008361678286197254,-0.009181745768972445,0.06629552201965752,-0.008822458179154637,-0.003843995620001118,0.00729664213689448,0.00725022710571535
22,-9.301091554845843,0.2027603716508211,-0.6930169214052699,-0.016785738662858297,0.006758705308399638,0.00889038064703529,-0.15188730570424389,0.6239621938916111,-0.08000296474480936,-0.06057559001020501,-0.04805574515083281,0.0030813758800045665,-0.005148748525013857,0.00355338405335215,0.09542215265306964,0.002629799962314014,-0.009087286431977083,-0.008104628072537833,0.0022919712307811254
23,-10.678237440626486,0.25616717084413715,-0.5914765281228919,-0.05871063469445144,0.023512669981485868,0.08597468027351747,-0.014777049742571519,0.511421474854538,-0.1843244664368836,0.02720089739335976,-0.06321649810472905,-0.030861628518463205,0.013560111737349625,0.01622836499461027,0.07370106218590022,-0.011043625806814943,-0.0010947059119527202,-0.009427576247083826,-0.0040425991954083735
24,-10.445831396301129,0.17429235090751943,-0.7587216721645306,0.023475768993770754,-0.004495015214601383,-0.05571025020402603,-0.0015903127752997792,0.6590052443473422,-0.14320379476712375,0.022045663818593877,-0.006651456851054338,-0.08382249302818788,-0.008693461721131123,0.018228511915736174,0.09911152202294049,0.0011094500719784246,0.0018140322915243573,-0.0019162533338336204,-0.00994755177009396
25,-9.6953668085175,0.2917657015269375,-0.5349657628643687,0.05630076628275189,0.08790056203445495,0.09777920783069272,-0.17053590044672434,0.2546870857734249,-0.174423589615003,-0.032561358388255655,-0.08967645727726521,0.03613507235142728,0.014883351459404915,-0.014536974286376549,0.030547147288984472,-0.018928714485767856,-0.012469341177350983,-0.015372192733689203,0.00296191051741614
26,-15.877222518714628,0.28798437049841547,-0.5406310816521712,0.040267907113599156,0.00878255633754812,-0.01786952640622117,-0.11513905379700877,0.5195634793288821,-0.18607134713590795,-0.07243657598706295,0.028682285540469057,-0.011187268353300651,-0.006114802706175425,-0.0004881771759980221,0.06263843554978675,-0.025933199672412695,-0.014579609747112246,0.002537495051452957,0.0009786625789099431
27,-11.978798501080373,0.2805207433016422,-0.5520350190126181,-0.08612307836239622,0.08157593671719997,-0.04747095581510405,-0.03041242862935492,0.4381747737820473,-0.1236502862770947,-0.05749673617362874,-0.06970352834549404,0.06539227589768008,-0.005961275942975458,0.007606333520045484,0.060050715386591624,-0.010273973974474028,-0.01407795295168251,-0.009902353698217842,0.009832258764482434
28,-11.543387719070832,0.26069576490924806,-0.5838660240349073,0.038184412471694795,0.09100864174819459,-0.08094664945199033,-0.07498405712097378,0.4401425757000724,-0.12126627505369562,0.0595788876805835,-0.07626623542782072,0.017622265344974197,-0.012022083526480501,8.811034672269512e-05,0.060789342106603805,-0.004837678630528003,0.0038892990865998026,-0.009469772960652928,0.0025599131583891083
29,-8.00338368261383,0.22425993949870354,-0.6492482993484048,-0.03929865676182537,-0.0772413386956963,0.09542451226811542,-0.027683881889949788,0.5577519499873941,-0.0506621268909411,0.06686111967064827,-0.012614453580768237,-0.07246196025466144,0.011776203402352156,0.024140622136508093,0.09695242347291527,0.019559229966321832,0.019120411701307072,0.001628726581634262,-0.0070863838050306514
30,-15.020000790757537,0.33418863439930857,-0.47600832434567564,-0.09222158163665704,0.09930143411625658,-0.008213527730508697,-0.18236457526444388,0.2180044044119831,-0.132722858107198,0.09042547817267188,0.0787280356121918,-0.09801810494808894,-0.005055557458013864,-0.018638263068061187,0.024316917980150288,-0.012395138406064307,0.012414328136490333,0.007961945795592947,-0.013019695545738055
31,-13.659778262153532,0.29482677902621723,-0.5304330721863681,0.05259547349271117,-0.05617390024805117,-0.0887259936383861,-0.1529469794844176,0.2903130666631786,-0.20699755030332884,0.08571506939302892,0.026334950297187243,-0.040197016479710385,-0.017731975215633168,-0.013429619196012349,0.03380239602973184,-0.02197197615763701,0.008932257608746937,0.003306549505417555,-0.005000391635937743
32,-8.636731308893854,0.25510479688850474,-0.5932813750138032,0.009904988205129462,-0.03240668761161487,-0.035333834215154236,-0.19220784746586042,0.4798286399745898,-0.16169936747607225,0.03960354743368049,0.004625700193608995,0.04438938742428953,-0.015983168120216745,-0.012721089692347854,0.06720481100508797,-0.010417750135755953,0.005634186245485164,0.003817766546834042,0.010281683799983848
33,-12.874047898494963,0.2739574330164218,-0.5623169117862241,-0.015208103521094375,-0.09111791016308532,-0.07056993310398219,-0.19111598541831254,0.3418184067588306,-0.22653820883365258,-0.03014427214379054,-0.010056891480761665,-0.023430288576490235,-0.017024697926563703,-0.017818781455768696,0.03973575302136687,-0.0273285657087533,-0.00961800810546359,-0.0033413098951729156,-0.002592698332256188
34,-10.2986227919722,0.27231885623739555,-0.564922285665831,-0.041540357984401415,0.04544174691505157,0.06293414672999663,-0.06055907364381583,0.3987409556266741,-0.23591150909609498,0.03033244252562044,0.0990697202378845,-0.025470047240460515,0.009566856017502592,0.005196046876273252,0.05399113720638697,-0.021974487993011393,0.002091142003892826,0.015737180398311283,0.0015715803371522212
35,-15.2856695663728,0.29700554595217515,-0.5272354410735658,-0.04930998225765019,0.03448214368109228,0.07325702661817622,-0.15718750589828515,0.37569232086660054,-0.20579543170686138,-0.047665392078152714,-0.021923641713200315,0.03468655517998125,0.005849028266426156,-0.010082799035030728,0.042464067118365374,-0.02693225880194769,-0.010753874604961427,-0.0018239629027017683,0.006860007162319453
36,-12.11116770061096,0.2673311005473927,-0.5729505137073048,0.04860575804490552,0.05338965063775958,-0.03121756731178832,-0.11013088910426297,0.537026277862687,-0.06853167051707049,0.010847377543270165,0.06906042735075883,0.07119038162749712,-0.006750805138451279,-0.0008287448700257872,0.0748567104248651,0.0019890589868528682,0.0016114628255985849,0.011996438812711537,0.013897163589419571
37,-10.873420839345453,0.2862107461826563,-0.543314064076545,-0.07944287627330358,0.05147158865079382,-0.07845751896216768,-0.12438038299291974,0.30181267016178404,-0.1689028625130857,-0.08433797287529408,-0.0957437592908025,0.015450368279848782,-0.014601596759489178,-0.012409312906482785,0.03695473009446114,-0.019955272233365184,-0.020928724948433168,-0.018020461896583618,-0.0003951388497917913
38,-8.73858651200386,0.22860847018150388,-0.640907682580545,0.0007964632956596108,-0.026374728017865424,-0.04313049641851818,-0.03518045935593235,0.5357273848672875,-0.1537841082512693,0.06298646658464324,0.08963969641856676,-0.052380196790257606,-0.009722447056537895,0.0085027839167041,0.08368648850698358,0.0029918928556693994,0.012839652207181107,0.01801686938746847,-0.00029034044406502183
39,-10.975934950643618,0.2507742725439355,-0.6007170207333798,0.02731483478362884,-0.07025980244588977,0.05771027794386461,-0.14586394061192492,0.5369332895563595,-0.0760905271020525,-0.007055693560026355,0.008803021133951728,-0.06996861286230172,0.0014876417346538645,0.0022941338872382215,0.07649388542889161,-0.003277724317371023,-0.0005515149843845263,-0.0018647348129337876,-0.007919016554329398
40,-14.773382041332518,0.28240240564678765,-0.549131608064018,0.07227505505723959,0.06352106564599551,-0.060468414263600445,-0.11635083604764307,0.5094911026535307,-0.08863145314016209,-0.04967443320316152,0.02090271433543263,-0.018684925653234374,-0.011990059966353292,-0.0021636113691494096,0.06579918714527141,-0.010024669024219777,-0.01124096092605695,0.00030544684930029943,-0.0008236248333944795
41,-12.5500646459518,0.3055315471045808,-0.5149439408188313,0.06840653381055387,-0.047050128588282614,-0.09708213976364072,-0.021456768071088234,0.4384518665947893,-0.24325775992081705,-0.040630446594500005,0.019408866509831226,0.024255490146497017,-0.01586363860488688,0.002304855799933571,0.05656743334363975,-0.019537434101190826,-0.015528998158099706,0.0014459540879066446,0.005673084588348197
42,-14.674841637760583,0.2670790118121579,-0.5733602393178453,0.030466720708890362,0.04108125716529048,-0.026211972261011598,-0.03974455994735385,0.3420048416116974,-0.24912120597563758,-0.09791747825649816,-0.08550543789392331,-0.0879465261796973,0.014318782700184976,0.027611706184306122,-0.040007653974052274,-0.016345358574022348,-0.012625330908329794,-0.006645122130409463,0.0
43,-14.31269087389468,0.3222684384903486,-0.4917822252374652,-0.07580477864001536,0.07152608569113184,0.024597865283236865,-0.10254829553596484,0.2946931454193201,-0.22248768671334046,0.07764696800012312,-0.0667443854604218,0.0639507892564456,0.001565117379077047,-0.0055893899205367685,0.03234579917238113,-0.025401983831456417,0.004908602969920878,-0.006174568226687887,0.009110752526644013
44,-12.319525545254011,0.2717336502448862,-0.5658565772215681,0.032698401955214694,0.03881856389862364,0.08216580767280579,-0.041769256508271596,0.3972340226029626,-0.23120770956576997,-0.023673767582062213,0.06487482385827395,0.08755764635601558,0.011486784812951185,0.007213231723305858,0.050098667647861764,-0.026584183200247618,-0.0064130728089355875,0.01195775104639082,0.016166268451698336
45,-13.10352534382346,0.2523588303082685,-0.5979814942310319,0.06048319990276903,0.03086436624854383,0.01665241368135626,-0.07642567812748553,0.5531539213278209,-0.12999641892189695,-0.05466273894442615,0.013399499937764814,-0.06436176290793653,0.0002920938708023406,0.005409592257851435,0.07352342084419061,-0.0119941642595453,-0.011732154590643007,-0.0015518250947455904,-0.006670662673610998
46,-13.920868773460592,0.2573105733218093,-0.5895423675363666,-0.02011599801281788,-0.06496331223216459,0.06742791249933347,-0.0071070717627688546,0.5087200626748287,-0.1787928169088516,-0.039642552908523546,0.05337492384269005,0.05985534915802122,0.008833366852462598,0.015080440905464535,0.0645137279286146,-0.022005992186189344,-0.00959664027611055,0.007961421057776835,0.01074264512738637
47,-15.483537343856701,0.33227996254681647,-0.47849584715862403,0.047793368331942414,0.0015762992894091,0.07679407275656235,-0.16495421128250956,0.30320601442237494,-0.2413976353716923,0.07177107223938697,0.0327961445854333,-0.05971118172068912,0.00476700790448465,-0.013397912378600359,0.03201870080771182,-0.028216279585784175,0.007776022947165729,0.0036663521788785508,-0.006851830802573826
48,-14.536180975961909,0.29705956496686836,-0.5271564592931766,0.005207516864085449,-0.07535192087462154,0.023839394801811742,-0.1728071284428762,0.4067369254736204,-0.13849969471722257,-0.07001812396077194,0.061019247486684636,-0.0465200473783056,-0.0021117616301992996,-0.010697574770288258,0.05031872741973927,-0.017353802713957738,-0.011631879017529326,0.005501948973163699,-0.004190692175879122
49,-9.218609435188405,0.2935843416882743,-0.5322671112209622,0.07937914803023563,-0.09893848436774065,0.01522783403652439,-0.0690830350052712,0.4068392337954513,-0.21283961878912522,-0.06792081913959473,0.03755382557609173,-0.012218001259965174,-0.003281432711746601,0.001358458694748943,0.057903744811581156,-0.01943290776848591,-0.015582987542948285,0.0019189650536727795,0.00036667712581167026
