case,il,cd,dgd,final_mlse,best_taps,best_gdc,best_gdc2,steps,plot_file
Base_IL10,10.0,0.0,0.0,0.0007472630365888792,"[ 3.22601306e-03  1.37731677e-02  1.79248870e-02 -2.94456919e-01
  5.05400046e-01 -1.00000000e-01 -3.45833430e-04 -4.67789609e-02
 -1.80941726e-02]",-0.03740673485570329,-0.01809503055330933,25,ddps_gen_physical_Base_IL10.png
IL_Sweep_14dB,14.0,0.0,0.0,0.0025478968596946124,"[-0.00547658  0.00078062 -0.02162512 -0.28679535  0.6137978  -0.00171215
  0.05905735  0.00284756  0.00790747]",4.678759489345264e-05,0.009718309077530034,11,ddps_gen_physical_IL_Sweep_14dB.png
IL_Worst_20dB,20.0,0.0,0.0,0.05919583693460098,"[ 3.85515054e-03  8.35066687e-03 -2.10392795e-02 -2.92182711e-01
  6.03612864e-01 -1.53973586e-04  5.65943022e-02  6.31089021e-03
  7.90016202e-03]",-0.0024512974216956917,0.006064733504961107,7,ddps_gen_physical_IL_Worst_20dB.png
CD_Sweep_15ps,10.0,15.0,0.0,0.0007472630365888792,"[ 0.00329208  0.01464881  0.02461218 -0.29317063  0.49466367 -0.1
 -0.00267749 -0.04886046 -0.01807467]",-0.03993244327637704,-0.01891737821913978,25,ddps_gen_physical_CD_Sweep_15ps.png
CD_Sweep_28ps,10.0,28.0,0.0,0.0007472630365888792,"[ 3.22601306e-03  1.37731677e-02  1.79248870e-02 -2.94456919e-01
  5.05400046e-01 -1.00000000e-01 -3.45833430e-04 -4.67789609e-02
 -1.80941726e-02]",-0.03740673485570329,-0.01809503055330933,25,ddps_gen_physical_CD_Sweep_28ps.png
DGD_Sweep_2ps,10.0,0.0,2.0,0.0007472630365888792,"[ 0.00265114  0.01130441  0.0051936  -0.29681979  0.51966923 -0.1
  0.00469465 -0.04212195 -0.01754522]",-0.032673668638042275,-0.016466692560628153,25,ddps_gen_physical_DGD_Sweep_2ps.png
DGD_Sweep_5ps,10.0,0.0,5.0,0.000756266205704408,"[ 3.22601306e-03  1.37731677e-02  1.79248870e-02 -2.94456919e-01
  5.05400046e-01 -1.00000000e-01 -3.45833430e-04 -4.67789609e-02
 -1.80941726e-02]",-0.03740673485570329,-0.01809503055330933,25,ddps_gen_physical_DGD_Sweep_5ps.png
Combined_Stress,20.0,15.0,5.0,0.07844461250360127,"[ 3.85515054e-03  8.35066687e-03 -2.10392795e-02 -2.92182711e-01
  6.03612864e-01 -1.53973586e-04  5.65943022e-02  6.31089021e-03
  7.90016202e-03]",-0.0024512974216956917,0.006064733504961107,7,ddps_gen_physical_Combined_Stress.png
