env,ratio,gain,gdc,gdc2,log10_ber,ber,drive_rms,symbols
Base_IL10x10,0.4,0.17524,-3.0,-3.0,-2.9913623042569846,0.0010200881340101254,0.0697478630144399,65536
Base_IL10x10,0.4,0.17524,-3.0,0.0,-3.006211685769216,0.0009857988659918322,0.07137286557763714,65536
Base_IL10x10,0.4,0.17524,-3.0,3.0,-3.0084830291326923,0.0009806566345612264,0.07450964229573377,65536
Base_IL10x10,0.4,0.17524,0.0,-3.0,-3.1012902619294658,0.000791971836967643,0.08949099454587768,65536
Base_IL10x10,0.4,0.17524,0.0,0.0,-3.0980723387563978,0.0007978617794407597,0.091950193496413,65536
Base_IL10x10,0.4,0.17524,0.0,3.0,-3.106161863665377,0.00078313770913446,0.0966705942852509,65536
Base_IL10x10,0.4,0.17524,3.0,-3.0,-3.1162658350883228,0.0007651281225672115,0.11950530288696255,65536
Base_IL10x10,0.4,0.17524,3.0,0.0,-3.1077976418302917,0.0007801935546159447,0.12312779606365963,65536
Base_IL10x10,0.4,0.17524,3.0,3.0,-3.102776393018333,0.0007892663858432688,0.1300550300565586,65536
Base_IL10x10,0.6,0.26286,-3.0,-3.0,-3.1180793217927287,0.0007619398326797894,0.10462179452165983,65536
Base_IL10x10,0.6,0.26286,-3.0,0.0,-3.1180793217927287,0.0007619398326797894,0.10705929836645571,65536
Base_IL10x10,0.6,0.26286,-3.0,3.0,-3.099523113921947,0.0007952009424038071,0.11176446344360064,65536
Base_IL10x10,0.6,0.26286,0.0,-3.0,-3.1095108550477613,0.0007771218946447237,0.13423649181881653,65536
Base_IL10x10,0.6,0.26286,0.0,0.0,-3.1111257154658247,0.0007742376463582816,0.13792529024461947,65536
Base_IL10x10,0.6,0.26286,0.0,3.0,-3.1061431686531082,0.0007831714214766947,0.14500589142787632,65536
Base_IL10x10,0.6,0.26286,3.0,-3.0,-3.1077976418302917,0.0007801935546159447,0.1792579543304438,65536
Base_IL10x10,0.6,0.26286,3.0,0.0,-3.1162658350883228,0.0007651281225672115,0.18469169409548944,65536
Base_IL10x10,0.6,0.26286,3.0,3.0,-2.9989719358714715,0.0010023700091792165,0.19508254508483788,65536
Base_IL10x10,0.8,0.35048,-3.0,-3.0,-3.1095108550477613,0.0007771218946447237,0.1394957260288798,65536
Base_IL10x10,0.8,0.35048,-3.0,0.0,-3.1180793217927287,0.0007619398326797894,0.14274573115527428,65536
Base_IL10x10,0.8,0.35048,-3.0,3.0,-3.1163245751286097,0.0007650246429713368,0.14901928459146754,65536
Base_IL10x10,0.8,0.35048,0.0,-3.0,-3.1095108550477613,0.0007771218946447237,0.17898198909175536,65536
Base_IL10x10,0.8,0.35048,0.0,0.0,-3.111358082814754,0.0007738235047192974,0.183900386992826,65536
Base_IL10x10,0.8,0.35048,0.0,3.0,-3.069540601057863,0.0008520388527667192,0.1933411885705018,65536
Base_IL10x10,0.8,0.35048,3.0,-3.0,-3.012292580876803,0.0009720921120954679,0.2390106057739251,65536
Base_IL10x10,0.8,0.35048,3.0,0.0,-2.754036260049029,0.0017618289419158368,0.24625559212731926,65536
Base_IL10x10,0.8,0.35048,3.0,3.0,-2.3263550125591634,0.004716773126007645,0.2601100601131172,65536
Base_IL10x10,1.0,0.4381,-3.0,-3.0,-3.1032386739432725,0.0007884267051854219,0.17436965753609973,65536
Base_IL10x10,1.0,0.4381,-3.0,0.0,-3.1016390463160164,0.0007913360551822257,0.17843216394409284,65536
Base_IL10x10,1.0,0.4381,-3.0,3.0,-3.094776300883744,0.0008039401140546044,0.18627410573933442,65536
Base_IL10x10,1.0,0.4381,0.0,-3.0,-3.1131128294788737,0.0007707032147611476,0.2237274863646942,65536
Base_IL10x10,1.0,0.4381,0.0,0.0,-3.006372227566883,0.0009854345217953488,0.22987548374103245,65536
Base_IL10x10,1.0,0.4381,0.0,3.0,-2.6638227249218707,0.0021685891226383034,0.24167648571312725,65536
Base_IL10x10,1.0,0.4381,3.0,-3.0,-2.353446843211866,0.004431524521561639,0.2987632572174064,65536
Base_IL10x10,1.0,0.4381,3.0,0.0,-2.10853331275018,0.0077887306845932066,0.3078194901591491,65536
Base_IL10x10,1.0,0.4381,3.0,3.0,-1.808830228850776,0.015529939760997624,0.32513757514139646,65536
Base_IL10x10,1.3,0.56953,-3.0,-3.0,-3.1147303304103438,0.0007678381206026114,0.22668055479692964,65536
Base_IL10x10,1.3,0.56953,-3.0,0.0,-3.082498420797906,0.0008269925157116844,0.2319618131273207,65536
Base_IL10x10,1.3,0.56953,-3.0,3.0,-2.8718430693316246,0.0013432502518514451,0.24215633746113474,65536
Base_IL10x10,1.3,0.56953,0.0,-3.0,-2.5676023787243225,0.0027064351252703727,0.29084573227410243,65536
Base_IL10x10,1.3,0.56953,0.0,0.0,-2.3133138960177493,0.004860557710598443,0.2988381288633422,65536
Base_IL10x10,1.3,0.56953,0.0,3.0,-1.9780968972270172,0.010517271924668182,0.3141794314270654,65536
Base_IL10x10,1.3,0.56953,3.0,-3.0,-1.7042647474010069,0.019757648399225215,0.38839223438262827,65536
Base_IL10x10,1.3,0.56953,3.0,0.0,-1.5617383903054927,0.0274322613499572,0.40016533720689385,65536
Base_IL10x10,1.3,0.56953,3.0,3.0,-1.381210325420145,0.0415709237004724,0.42267884768381536,65536
IL14x14,0.4,0.17524,-3.0,-3.0,-2.046385241187979,0.008987000354298426,0.055440143430235234,65536
IL14x14,0.4,0.17524,-3.0,0.0,-2.0186693001476876,0.009579232182223242,0.05720892751447286,65536
IL14x14,0.4,0.17524,-3.0,3.0,-2.0261118256148376,0.009416471024813002,0.06058796953710274,65536
IL14x14,0.4,0.17524,0.0,-3.0,-2.534012680595359,0.002924066999250496,0.07235256966474947,65536
IL14x14,0.4,0.17524,0.0,0.0,-2.4891905446560383,0.0032419734608435218,0.07499780704011338,65536
IL14x14,0.4,0.17524,0.0,3.0,-2.5098109166582208,0.0030916411797698427,0.08002167692841983,65536
IL14x14,0.4,0.17524,3.0,-3.0,-2.8959719507925894,0.0012706561687598622,0.09771071980533588,65536
IL14x14,0.4,0.17524,3.0,0.0,-2.8596550157859935,0.0013814812160743452,0.10157383370570447,65536
IL14x14,0.4,0.17524,3.0,3.0,-2.8802907445785237,0.0013173745082963864,0.10888381998016666,65536
IL14x14,0.6,0.26286,-3.0,-3.0,-2.8775471723686725,0.0013257231120259976,0.08316021514535285,65536
IL14x14,0.6,0.26286,-3.0,0.0,-2.8776973288237073,0.0013252648251220608,0.08581339127170927,65536
IL14x14,0.6,0.26286,-3.0,3.0,-2.868641967142382,0.001353187672916411,0.09088195430565411,65536
IL14x14,0.6,0.26286,0.0,-3.0,-2.906855380558938,0.0012392091727126391,0.1085288544971242,65536
IL14x14,0.6,0.26286,0.0,0.0,-2.8954845993700142,0.0012720828589481877,0.11249671056017006,65536
IL14x14,0.6,0.26286,0.0,3.0,-2.898620422210625,0.0012629308667669026,0.12003251539262971,65536
IL14x14,0.6,0.26286,3.0,-3.0,-2.914218213985911,0.0012183772638052449,0.1465660797080038,65536
IL14x14,0.6,0.26286,3.0,0.0,-2.906900022023228,0.0012390817999938146,0.1523607505585567,65536
IL14x14,0.6,0.26286,3.0,3.0,-2.828211070945127,0.0014852136399350314,0.16332572997025,65536
IL14x14,0.8,0.35048,-3.0,-3.0,-2.9131653742376344,0.001221334501774168,0.11088028686047047,65536
IL14x14,0.8,0.35048,-3.0,0.0,-2.911020670902498,0.001227380810722688,0.11441785502894572,65536
IL14x14,0.8,0.35048,-3.0,3.0,-2.9078388982670877,0.0012364059937457824,0.12117593907420549,65536
IL14x14,0.8,0.35048,0.0,-3.0,-2.913134063579504,0.001221422557614543,0.14470513932949894,65536
IL14x14,0.8,0.35048,0.0,0.0,-2.9047872764251763,0.0012451243419311403,0.14999561408022677,65536
IL14x14,0.8,0.35048,0.0,3.0,-2.8601961633261,0.0013797609096314856,0.16004335385683965,65536
IL14x14,0.8,0.35048,3.0,-3.0,-2.8792622942376123,0.0013204978722744197,0.19542143961067177,65536
IL14x14,0.8,0.35048,3.0,0.0,-2.7069324023068035,0.0019636658965491312,0.20314766741140894,65536
IL14x14,0.8,0.35048,3.0,3.0,-2.3553892869780215,0.004411748157862988,0.21776763996033333,65536
IL14x14,1.0,0.4381,-3.0,-3.0,-2.9131418906091784,0.001221400544844743,0.13860035857558808,65536
IL14x14,1.0,0.4381,-3.0,0.0,-2.911020670902498,0.001227380810722688,0.14302231878618213,65536
IL14x14,1.0,0.4381,-3.0,3.0,-2.9089072782254917,0.0012333681289401028,0.15146992384275684,65536
IL14x14,1.0,0.4381,0.0,-3.0,-2.9089836521945163,0.0012331512508975781,0.1808814241618737,65536
IL14x14,1.0,0.4381,0.0,0.0,-2.852861204725612,0.0014032620985365064,0.1874945176002835,65536
IL14x14,1.0,0.4381,0.0,3.0,-2.6007643721523794,0.0025074693194710885,0.20005419232104954,65536
IL14x14,1.0,0.4381,3.0,-3.0,-2.4645320954268315,0.003431372801732477,0.2442767995133397,65536
IL14x14,1.0,0.4381,3.0,0.0,-2.2219972769467797,0.005997948369943861,0.25393458426426113,65536
IL14x14,1.0,0.4381,3.0,3.0,-1.91430357243142,0.012181378212747526,0.2722095499504167,65536
IL14x14,1.3,0.56953,-3.0,-3.0,-2.915278766914641,0.0012154056001425734,0.18018046614826447,65536
IL14x14,1.3,0.56953,-3.0,0.0,-2.9089148800228153,0.0012333465405182447,0.1859290144220368,65536
IL14x14,1.3,0.56953,-3.0,3.0,-2.7581199658911477,0.001745339968147517,0.1969109009955839,65536
IL14x14,1.3,0.56953,0.0,-3.0,-2.7078749014933243,0.0019594089999024275,0.23514585141043579,65536
IL14x14,1.3,0.56953,0.0,0.0,-2.417586479838871,0.0038230811813758938,0.24374287288036853,65536
IL14x14,1.3,0.56953,0.0,3.0,-2.076999671215927,0.008375299161814337,0.2600704500173644,65536
IL14x14,1.3,0.56953,3.0,-3.0,-1.842184791879759,0.014381865010881834,0.3175598393673416,65536
IL14x14,1.3,0.56953,3.0,0.0,-1.6867040517773413,0.02057292051790855,0.33011495954353953,65536
IL14x14,1.3,0.56953,3.0,3.0,-1.4696333623993774,0.03391303339931015,0.35387241493554167,65536
IL20x20,0.4,0.17524,-3.0,-3.0,-0.9006782499972883,0.12569608467670643,0.04403306636173866,65536
IL20x20,0.4,0.17524,-3.0,0.0,-0.8940566504588024,0.1276272317798525,0.04600002100304583,65536
IL20x20,0.4,0.17524,-3.0,3.0,-0.8842877911459462,0.13053056229470997,0.04968997780240075,65536
IL20x20,0.4,0.17524,0.0,-3.0,-0.9546484171554912,0.11100731106453275,0.058478132679490806,65536
IL20x20,0.4,0.17524,0.0,0.0,-0.9402322234472841,0.11475398515070248,0.061382854852322324,65536
IL20x20,0.4,0.17524,0.0,3.0,-0.917366371655708,0.12095773012977926,0.06679871566590205,65536
IL20x20,0.4,0.17524,3.0,-3.0,-1.032101676811832,0.09287489230807573,0.07983864202508982,65536
IL20x20,0.4,0.17524,3.0,0.0,-0.9980751458806721,0.10044419768624444,0.08404560750496777,65536
IL20x20,0.4,0.17524,3.0,3.0,-0.9473092114202993,0.11289918025348461,0.09186098484347664,65536
IL20x20,0.6,0.26286,-3.0,-3.0,-1.1259664798738938,0.07482272486633904,0.06604959954260799,65536
IL20x20,0.6,0.26286,-3.0,0.0,-1.1033250422488055,0.07882699260624926,0.06900003150456874,65536
IL20x20,0.6,0.26286,-3.0,3.0,-1.0660094260974036,0.08589948773420666,0.0745349667036011,65536
IL20x20,0.6,0.26286,0.0,-3.0,-1.1745561129132056,0.0669027372941828,0.08771719901923619,65536
IL20x20,0.6,0.26286,0.0,0.0,-1.1265583567218067,0.07472082240916351,0.09207428227848348,65536
IL20x20,0.6,0.26286,0.0,3.0,-1.027279612955702,0.09391184807656029,0.10019807349885305,65536
IL20x20,0.6,0.26286,3.0,-3.0,-1.1771559645687881,0.06650342850752936,0.11975796303763471,65536
IL20x20,0.6,0.26286,3.0,0.0,-1.0764116167367401,0.08386647379035558,0.12606841125745166,65536
IL20x20,0.6,0.26286,3.0,3.0,-0.996731640341639,0.10075540653001996,0.1377914772652149,65536
IL20x20,0.8,0.35048,-3.0,-3.0,-1.3860172155283148,0.04111334233626163,0.08806613272347733,65536
IL20x20,0.8,0.35048,-3.0,0.0,-1.3095280619488843,0.04903113402887242,0.09200004200609166,65536
IL20x20,0.8,0.35048,-3.0,3.0,-1.1823867109523258,0.06570724965244186,0.0993799556048015,65536
IL20x20,0.8,0.35048,0.0,-3.0,-1.3409591564256553,0.04560798063271613,0.11695626535898161,65536
IL20x20,0.8,0.35048,0.0,0.0,-1.1990105330031346,0.0632396513591574,0.12276570970464465,65536
IL20x20,0.8,0.35048,0.0,3.0,-1.066172847734374,0.08586717050556927,0.1335974313318041,65536
IL20x20,0.8,0.35048,3.0,-3.0,-1.2168460295662378,0.06069514739702502,0.15967728405017964,65536
IL20x20,0.8,0.35048,3.0,0.0,-1.0975859817750135,0.07987557880590547,0.16809121500993554,65536
IL20x20,0.8,0.35048,3.0,3.0,-1.001508410148434,0.09965327820084624,0.18372196968695328,65536
IL20x20,1.0,0.4381,-3.0,-3.0,-1.6607560278510147,0.021839564411564757,0.11008266590434665,65536
IL20x20,1.0,0.4381,-3.0,0.0,-1.4437947002678555,0.03599194361003511,0.11500005250761457,65536
IL20x20,1.0,0.4381,-3.0,3.0,-1.243920085536274,0.05702691977779797,0.12422494450600186,65536
IL20x20,1.0,0.4381,0.0,-3.0,-1.3973361349605333,0.040055657510345115,0.146195331698727,65536
IL20x20,1.0,0.4381,0.0,0.0,-1.2431553177338355,0.05712742939953777,0.1534571371308058,65536
IL20x20,1.0,0.4381,0.0,3.0,-1.0792554691755607,0.08331909246129156,0.16699678916475508,65536
IL20x20,1.0,0.4381,3.0,-3.0,-1.2320816426095724,0.05860279873103187,0.19959660506272453,65536
IL20x20,1.0,0.4381,3.0,0.0,-1.120616598922097,0.07575013324080318,0.21011401876241942,65536
IL20x20,1.0,0.4381,3.0,3.0,-1.0096408271071518,0.0978045755984921,0.22965246210869159,65536
IL20x20,1.3,0.56953,-3.0,-3.0,-1.8221484021304777,0.01506092333644995,0.14310746567565064,65536
IL20x20,1.3,0.56953,-3.0,0.0,-1.5193950963813452,0.03024160966889566,0.14950006825989895,65536
IL20x20,1.3,0.56953,-3.0,3.0,-1.2819883332332234,0.05224102226942727,0.1614924278578024,65536
IL20x20,1.3,0.56953,0.0,-3.0,-1.4479447945587187,0.03564964466726206,0.1900539312083451,65536
IL20x20,1.3,0.56953,0.0,0.0,-1.248665403852339,0.05640720699469969,0.19949427827004754,65536
IL20x20,1.3,0.56953,0.0,3.0,-1.0854020265504907,0.0821481851834552,0.21709582591418164,65536
IL20x20,1.3,0.56953,3.0,-3.0,-1.1792216919176646,0.06618785519456216,0.2594755865815419,65536
IL20x20,1.3,0.56953,3.0,0.0,-1.0857921939409378,0.08207441691966719,0.2731482243911452,65536
IL20x20,1.3,0.56953,3.0,3.0,-0.9572490519487072,0.11034456528373433,0.29854820074129906,65536
IL20x10_TxHeavy,0.4,0.17524,-3.0,-3.0,-1.3164792579857714,0.04825260250743092,0.04403306636173866,65536
IL20x10_TxHeavy,0.4,0.17524,-3.0,0.0,-1.2974320056768989,0.05041595455111698,0.04600002100304583,65536
IL20x10_TxHeavy,0.4,0.17524,-3.0,3.0,-1.2959113350798417,0.05059279409615032,0.04968997780240075,65536
IL20x10_TxHeavy,0.4,0.17524,0.0,-3.0,-1.5490141706381084,0.028247878031280788,0.058478132679490806,65536
IL20x10_TxHeavy,0.4,0.17524,0.0,0.0,-1.5238643281051525,0.029931995543835323,0.061382854852322324,65536
IL20x10_TxHeavy,0.4,0.17524,0.0,3.0,-1.5077916912536853,0.031060490430108254,0.06679871566590205,65536
IL20x10_TxHeavy,0.4,0.17524,3.0,-3.0,-1.923821981038361,0.011917304027525192,0.07983864202508982,65536
IL20x10_TxHeavy,0.4,0.17524,3.0,0.0,-1.9493318003603968,0.011237461055109959,0.08404560750496777,65536
IL20x10_TxHeavy,0.4,0.17524,3.0,3.0,-1.9723021568271768,0.010658543038052175,0.09186098484347664,65536
IL20x10_TxHeavy,0.6,0.26286,-3.0,-3.0,-2.2291727719236185,0.005899663318619116,0.06604959954260799,65536
IL20x10_TxHeavy,0.6,0.26286,-3.0,0.0,-2.15091340310143,0.007064584057142245,0.06900003150456874,65536
IL20x10_TxHeavy,0.6,0.26286,-3.0,3.0,-2.1166713747574253,0.007644139873641241,0.0745349667036011,65536
IL20x10_TxHeavy,0.6,0.26286,0.0,-3.0,-2.5586314814791034,0.002762921325584263,0.08771719901923619,65536
IL20x10_TxHeavy,0.6,0.26286,0.0,0.0,-2.4466239590635066,0.003575823226129545,0.09207428227848348,65536
IL20x10_TxHeavy,0.6,0.26286,0.0,3.0,-2.3728591905174334,0.004237803443052786,0.10019807349885305,65536
IL20x10_TxHeavy,0.6,0.26286,3.0,-3.0,-2.7772402992104266,0.0016701662399554202,0.11975796303763471,65536
IL20x10_TxHeavy,0.6,0.26286,3.0,0.0,-2.778061689231432,0.0016670104057320801,0.12606841125745166,65536
IL20x10_TxHeavy,0.6,0.26286,3.0,3.0,-2.7048736564264533,0.001972996630556507,0.1377914772652149,65536
IL20x10_TxHeavy,0.8,0.35048,-3.0,-3.0,-2.81512461712976,0.0015306481921051186,0.08806613272347733,65536
IL20x10_TxHeavy,0.8,0.35048,-3.0,0.0,-2.787058990863063,0.0016328301430925908,0.09200004200609166,65536
IL20x10_TxHeavy,0.8,0.35048,-3.0,3.0,-2.7560962567634726,0.0017534918159151762,0.0993799556048015,65536
IL20x10_TxHeavy,0.8,0.35048,0.0,-3.0,-2.8789928087809145,0.0013213175129012382,0.11695626535898161,65536
IL20x10_TxHeavy,0.8,0.35048,0.0,0.0,-2.834443726934735,0.0014640512275337456,0.12276570970464465,65536
IL20x10_TxHeavy,0.8,0.35048,0.0,3.0,-2.684375731094285,0.002068351134688271,0.1335974313318041,65536
IL20x10_TxHeavy,0.8,0.35048,3.0,-3.0,-2.857481217819545,0.001388413354132611,0.15967728405017964,65536
IL20x10_TxHeavy,0.8,0.35048,3.0,0.0,-2.730084873619654,0.0018617232668924476,0.16809121500993554,65536
IL20x10_TxHeavy,0.8,0.35048,3.0,3.0,-2.4400971452834996,0.0036299684863580956,0.18372196968695328,65536
IL20x10_TxHeavy,1.0,0.4381,-3.0,-3.0,-2.882287722443166,0.0013113308473964858,0.11008266590434665,65536
IL20x10_TxHeavy,1.0,0.4381,-3.0,0.0,-2.8697451421561873,0.0013497547293230235,0.11500005250761457,65536
IL20x10_TxHeavy,1.0,0.4381,-3.0,3.0,-2.851680860013294,0.001407081133626982,0.12422494450600186,65536
IL20x10_TxHeavy,1.0,0.4381,0.0,-3.0,-2.879477913541875,0.0013198424318400844,0.146195331698727,65536
IL20x10_TxHeavy,1.0,0.4381,0.0,0.0,-2.8334224363265554,0.001467498154211396,0.1534571371308058,65536
IL20x10_TxHeavy,1.0,0.4381,0.0,3.0,-2.5831733938141093,0.002611118646666028,0.16699678916475508,65536
IL20x10_TxHeavy,1.0,0.4381,3.0,-3.0,-2.625177408990416,0.002370405199001304,0.19959660506272453,65536
IL20x10_TxHeavy,1.0,0.4381,3.0,0.0,-2.3509621763988555,0.004456950632085052,0.21011401876241942,65536
IL20x10_TxHeavy,1.0,0.4381,3.0,3.0,-1.9989325769714974,0.010024608552994115,0.22965246210869159,65536
IL20x10_TxHeavy,1.3,0.56953,-3.0,-3.0,-2.89038186783554,0.0012871173133754683,0.14310746567565064,65536
IL20x10_TxHeavy,1.3,0.56953,-3.0,0.0,-2.8784937149962873,0.0013228368516433708,0.14950006825989895,65536
IL20x10_TxHeavy,1.3,0.56953,-3.0,3.0,-2.7905315986363153,0.0016198261334170023,0.1614924278578024,65536
IL20x10_TxHeavy,1.3,0.56953,0.0,-3.0,-2.810945670559914,0.001545447760115531,0.1900539312083451,65536
IL20x10_TxHeavy,1.3,0.56953,0.0,0.0,-2.5709952547214985,0.0026853737869866026,0.19949427827004754,65536
IL20x10_TxHeavy,1.3,0.56953,0.0,3.0,-2.1805996962451064,0.006597817579793357,0.21709582591418164,65536
IL20x10_TxHeavy,1.3,0.56953,3.0,-3.0,-2.0485702697310533,0.008941898384912937,0.2594755865815419,65536
IL20x10_TxHeavy,1.3,0.56953,3.0,0.0,-1.834690921511491,0.01463218146381955,0.2731482243911452,65536
IL20x10_TxHeavy,1.3,0.56953,3.0,3.0,-1.5983966427744072,0.025211771201815326,0.29854820074129906,65536
IL10x20_RxHeavy,0.4,0.17524,-3.0,-3.0,-2.2985639454708053,0.005028472212309634,0.0697478630144399,65536
IL10x20_RxHeavy,0.4,0.17524,-3.0,0.0,-2.2312114354292665,0.005872034040861572,0.07137286557763714,65536
IL10x20_RxHeavy,0.4,0.17524,-3.0,3.0,-2.263783967134532,0.005447735743825359,0.07450964229573377,65536
IL10x20_RxHeavy,0.4,0.17524,0.0,-3.0,-2.639004314070593,0.0022961258393994414,0.08949099454587768,65536
IL10x20_RxHeavy,0.4,0.17524,0.0,0.0,-2.595091496601648,0.002540437433082215,0.091950193496413,65536
IL10x20_RxHeavy,0.4,0.17524,0.0,3.0,-2.522216886523351,0.0030045754438934274,0.0966705942852509,65536
IL10x20_RxHeavy,0.4,0.17524,3.0,-3.0,-2.8536467931794203,0.0014007260542064923,0.11950530288696255,65536
IL10x20_RxHeavy,0.4,0.17524,3.0,0.0,-2.8277867491316737,0.0014866654578608537,0.12312779606365963,65536
IL10x20_RxHeavy,0.4,0.17524,3.0,3.0,-2.821344347333713,0.001508883302712186,0.1300550300565586,65536
IL10x20_RxHeavy,0.6,0.26286,-3.0,-3.0,-2.872437974371472,0.0013414115011604203,0.10462179452165983,65536
IL10x20_RxHeavy,0.6,0.26286,-3.0,0.0,-2.864792258154644,0.0013652360318988667,0.10705929836645571,65536
IL10x20_RxHeavy,0.6,0.26286,-3.0,3.0,-2.8647543995934814,0.0013653550482042285,0.11176446344360064,65536
IL10x20_RxHeavy,0.6,0.26286,0.0,-3.0,-2.886309226243626,0.0012992441611264162,0.13423649181881653,65536
IL10x20_RxHeavy,0.6,0.26286,0.0,0.0,-2.881382226503781,0.0013140678001468385,0.13792529024461947,65536
IL10x20_RxHeavy,0.6,0.26286,0.0,3.0,-2.811421073981375,0.0015437569507641678,0.14500589142787632,65536
IL10x20_RxHeavy,0.6,0.26286,3.0,-3.0,-2.8604131094595835,0.0013790718402206343,0.1792579543304438,65536
IL10x20_RxHeavy,0.6,0.26286,3.0,0.0,-2.822964696885531,0.0015032641590995383,0.18469169409548944,65536
IL10x20_RxHeavy,0.6,0.26286,3.0,3.0,-2.5730209651446874,0.0026728773749872523,0.19508254508483788,65536
IL10x20_RxHeavy,0.8,0.35048,-3.0,-3.0,-2.887304945491716,0.001296268759470055,0.1394957260288798,65536
IL10x20_RxHeavy,0.8,0.35048,-3.0,0.0,-2.887304945491716,0.001296268759470055,0.14274573115527428,65536
IL10x20_RxHeavy,0.8,0.35048,-3.0,3.0,-2.87930928436293,0.0013203550037685539,0.14901928459146754,65536
IL10x20_RxHeavy,0.8,0.35048,0.0,-3.0,-2.884285080352761,0.001305313770470906,0.17898198909175536,65536
IL10x20_RxHeavy,0.8,0.35048,0.0,0.0,-2.8516865863568124,0.0014070625808312515,0.183900386992826,65536
IL10x20_RxHeavy,0.8,0.35048,0.0,3.0,-2.7180946176220053,0.0019138389208398373,0.1933411885705018,65536
IL10x20_RxHeavy,0.8,0.35048,3.0,-3.0,-2.646424037677189,0.0022572307725556955,0.2390106057739251,65536
IL10x20_RxHeavy,0.8,0.35048,3.0,0.0,-2.4126081486735087,0.0038671574209836407,0.24625559212731926,65536
IL10x20_RxHeavy,0.8,0.35048,3.0,3.0,-2.128841979459257,0.007432895388665606,0.2601100601131172,65536
IL10x20_RxHeavy,1.0,0.4381,-3.0,-3.0,-2.887376261729082,0.0012960559144431629,0.17436965753609973,65536
IL10x20_RxHeavy,1.0,0.4381,-3.0,0.0,-2.8984608652195214,0.0012633949446648285,0.17843216394409284,65536
IL10x20_RxHeavy,1.0,0.4381,-3.0,3.0,-2.8545216475720436,0.0013979072343734866,0.18627410573933442,65536
IL10x20_RxHeavy,1.0,0.4381,0.0,-3.0,-2.8380835307044827,0.0014518323502993287,0.2237274863646942,65536
IL10x20_RxHeavy,1.0,0.4381,0.0,0.0,-2.6867075538342964,0.0020572754622987244,0.22987548374103245,65536
IL10x20_RxHeavy,1.0,0.4381,0.0,3.0,-2.3631619798594556,0.004333492209393228,0.24167648571312725,65536
IL10x20_RxHeavy,1.0,0.4381,3.0,-3.0,-2.12297773730247,0.007533941830522406,0.2987632572174064,65536
IL10x20_RxHeavy,1.0,0.4381,3.0,0.0,-1.944085967379225,0.011374021179672702,0.3078194901591491,65536
IL10x20_RxHeavy,1.0,0.4381,3.0,3.0,-1.7028074866009097,0.019824055888086667,0.32513757514139646,65536
IL10x20_RxHeavy,1.3,0.56953,-3.0,-3.0,-2.8903527386383394,0.0012872036463891158,0.22668055479692964,65536
IL10x20_RxHeavy,1.3,0.56953,-3.0,0.0,-2.822233857511241,0.0015057960115925017,0.2319618131273207,65536
IL10x20_RxHeavy,1.3,0.56953,-3.0,3.0,-2.5548529413657035,0.002787064750849116,0.24215633746113474,65536
IL10x20_RxHeavy,1.3,0.56953,0.0,-3.0,-2.360122380413556,0.004363928431988113,0.29084573227410243,65536
IL10x20_RxHeavy,1.3,0.56953,0.0,0.0,-2.144539111561671,0.007169038099657135,0.2988381288633422,65536
IL10x20_RxHeavy,1.3,0.56953,0.0,3.0,-1.8466508045072472,0.014234728737980285,0.3141794314270654,65536
IL10x20_RxHeavy,1.3,0.56953,3.0,-3.0,-1.5858575633816059,0.02595030320976884,0.38839223438262827,65536
IL10x20_RxHeavy,1.3,0.56953,3.0,0.0,-1.4726480840074911,0.03367843607675262,0.40016533720689385,65536
IL10x20_RxHeavy,1.3,0.56953,3.0,3.0,-1.2993783870862925,0.05019051048768347,0.42267884768381536,65536
IL16x10,0.4,0.17524,-3.0,-3.0,-1.9211238100442005,0.01199157394833521,0.050694160166032974,65536
IL16x10,0.4,0.17524,-3.0,0.0,-1.9174698801166992,0.012092890485770391,0.052547599624580464,65536
IL16x10,0.4,0.17524,-3.0,3.0,-1.9307620178015956,0.011728378744621034,0.056063696210470124,65536
IL16x10,0.4,0.17524,0.0,-3.0,-2.4608466906413793,0.003460615186970401,0.0666054487624383,65536
IL16x10,0.4,0.17524,0.0,0.0,-2.53687033752963,0.002904889805632068,0.06936510186675786,65536
IL16x10,0.4,0.17524,0.0,3.0,-2.663891110412187,0.0021682476760822825,0.07456815635682905,65536
IL16x10,0.4,0.17524,3.0,-3.0,-2.948759893075229,0.0011252269024300359,0.0903341857167817,65536
IL16x10,0.4,0.17524,3.0,0.0,-2.9148457514727384,0.0012166180305829954,0.09435236361479371,65536
IL16x10,0.4,0.17524,3.0,3.0,-2.8973328522584114,0.001266680683507528,0.10189953555878112,65536
IL16x10,0.6,0.26286,-3.0,-3.0,-2.859238251972298,0.0013828075689245269,0.07604124024904947,65536
IL16x10,0.6,0.26286,-3.0,0.0,-2.8169905860884605,0.0015240857900293944,0.07882139943687068,65536
IL16x10,0.6,0.26286,-3.0,3.0,-2.8400858691278863,0.0014451540052387065,0.08409554431570518,65536
IL16x10,0.6,0.26286,0.0,-3.0,-2.944179575165609,0.001137156988854379,0.09990817314365745,65536
IL16x10,0.6,0.26286,0.0,0.0,-2.9390797687494037,0.0011505890358609393,0.10404765280013678,65536
IL16x10,0.6,0.26286,0.0,3.0,-2.96164734939016,0.0010923269546959896,0.11185223453524357,65536
IL16x10,0.6,0.26286,3.0,-3.0,-2.9605238104189717,0.001095156511200186,0.13550127857517252,65536
IL16x10,0.6,0.26286,3.0,0.0,-2.9545655691624044,0.001110284893446722,0.14152854542219057,65536
IL16x10,0.6,0.26286,3.0,3.0,-2.8711386416189035,0.001345430778074813,0.15284930333817168,65536
IL16x10,0.8,0.35048,-3.0,-3.0,-2.9522113064276976,0.0011163199689936036,0.10138832033206595,65536
IL16x10,0.8,0.35048,-3.0,0.0,-2.9385605256270826,0.00115196550449714,0.10509519924916093,65536
IL16x10,0.8,0.35048,-3.0,3.0,-2.945298324643577,0.0011342314241718687,0.11212739242094025,65536
IL16x10,0.8,0.35048,0.0,-3.0,-2.9569195206582335,0.001104283236257407,0.1332108975248766,65536
IL16x10,0.8,0.35048,0.0,0.0,-2.9558155961884367,0.0011070937622575288,0.13873020373351572,65536
IL16x10,0.8,0.35048,0.0,3.0,-2.926553787814466,0.001184257686391948,0.1491363127136581,65536
IL16x10,0.8,0.35048,3.0,-3.0,-2.9442829950196683,0.0011368862264729282,0.1806683714335634,65536
IL16x10,0.8,0.35048,3.0,0.0,-2.837024814777585,0.0014553759207375121,0.18870472722958742,65536
IL16x10,0.8,0.35048,3.0,3.0,-2.4349221715000047,0.003673481258612471,0.20379907111756224,65536
IL16x10,1.0,0.4381,-3.0,-3.0,-2.9604558626040607,0.0010953278680019209,0.12673540041508244,65536
IL16x10,1.0,0.4381,-3.0,0.0,-2.955728345111011,0.0011073162030928836,0.13136899906145116,65536
IL16x10,1.0,0.4381,-3.0,3.0,-2.9342105145775705,0.0011635618819849454,0.1401592405261753,65536
IL16x10,1.0,0.4381,0.0,-3.0,-2.945623625317063,0.0011333821660942645,0.16651362190609575,65536
IL16x10,1.0,0.4381,0.0,0.0,-2.9268018163116576,0.0011835815419624079,0.17341275466689463,65536
IL16x10,1.0,0.4381,0.0,3.0,-2.739290199154608,0.0018226773672650493,0.1864203908920726,65536
IL16x10,1.0,0.4381,3.0,-3.0,-2.6208286461043055,0.002394260242027248,0.22583546429195425,65536
IL16x10,1.0,0.4381,3.0,0.0,-2.3380583046992425,0.004591363689384493,0.23588090903698428,65536
IL16x10,1.0,0.4381,3.0,3.0,-2.0001579301819175,0.009996364184291876,0.2547488388969528,65536
IL16x10,1.3,0.56953,-3.0,-3.0,-2.9605238104189717,0.001095156511200186,0.16475602053960717,65536
IL16x10,1.3,0.56953,-3.0,0.0,-2.951057795724529,0.0011192889190630717,0.17077969877988652,65536
IL16x10,1.3,0.56953,-3.0,3.0,-2.8477059938257914,0.0014200185123140574,0.1822070126840279,65536
IL16x10,1.3,0.56953,0.0,-3.0,-2.80280192380331,0.001574700901789023,0.2164677084779245,65536
IL16x10,1.3,0.56953,0.0,0.0,-2.5610118980704724,0.002747818871946881,0.22543658106696302,65536
IL16x10,1.3,0.56953,0.0,3.0,-2.1950158958792287,0.00638240125143973,0.24234650815969438,65536
IL16x10,1.3,0.56953,3.0,-3.0,-1.9819383723765662,0.010424653476988156,0.2935861035795405,65536
IL16x10,1.3,0.56953,3.0,0.0,-1.782456914387657,0.016502247091688786,0.30664518174807953,65536
IL16x10,1.3,0.56953,3.0,3.0,-1.5368149409361413,0.029052603635599326,0.3311734905660387,65536
IL10x16,0.4,0.17524,-3.0,-3.0,-2.7703650802793205,0.0016968166604712709,0.0697478630144399,65536
IL10x16,0.4,0.17524,-3.0,0.0,-2.742874082096865,0.0018076981680551485,0.07137286557763714,65536
IL10x16,0.4,0.17524,-3.0,3.0,-2.755040125147327,0.001757761204145698,0.07450964229573377,65536
IL10x16,0.4,0.17524,0.0,-3.0,-2.9125689701269484,0.0012230128774576728,0.08949099454587768,65536
IL10x16,0.4,0.17524,0.0,0.0,-2.936706521708421,0.001156893759172105,0.091950193496413,65536
IL10x16,0.4,0.17524,0.0,3.0,-2.9533927629140813,0.001113287254554933,0.0966705942852509,65536
IL10x16,0.4,0.17524,3.0,-3.0,-2.9628587776085253,0.001089284245467731,0.11950530288696255,65536
IL10x16,0.4,0.17524,3.0,0.0,-2.9593123822006078,0.0010982156234905524,0.12312779606365963,65536
IL10x16,0.4,0.17524,3.0,3.0,-2.960445974633885,0.001095352806593218,0.1300550300565586,65536
IL10x16,0.6,0.26286,-3.0,-3.0,-2.955899004752935,0.0011068811594302072,0.10462179452165983,65536
IL10x16,0.6,0.26286,-3.0,0.0,-2.9488141832792407,0.001125086249065767,0.10705929836645571,65536
IL10x16,0.6,0.26286,-3.0,3.0,-2.95343985775405,0.0011131665363680258,0.11176446344360064,65536
IL10x16,0.6,0.26286,0.0,-3.0,-2.9628587776085253,0.001089284245467731,0.13423649181881653,65536
IL10x16,0.6,0.26286,0.0,0.0,-2.959332323632873,0.0010981651980520558,0.13792529024461947,65536
IL10x16,0.6,0.26286,0.0,3.0,-2.961686586367579,0.0010922282712593065,0.14500589142787632,65536
IL10x16,0.6,0.26286,3.0,-3.0,-2.9605238104189717,0.001095156511200186,0.1792579543304438,65536
IL10x16,0.6,0.26286,3.0,0.0,-2.9442424519569115,0.0011369923641354762,0.18469169409548944,65536
IL10x16,0.6,0.26286,3.0,3.0,-2.812294839945975,0.001540654156865223,0.19508254508483788,65536
IL10x16,0.8,0.35048,-3.0,-3.0,-2.9628587776085253,0.001089284245467731,0.1394957260288798,65536
IL10x16,0.8,0.35048,-3.0,0.0,-2.951255697091373,0.0011187789923778901,0.14274573115527428,65536
IL10x16,0.8,0.35048,-3.0,3.0,-2.959283671363115,0.0010982882279878888,0.14901928459146754,65536
IL10x16,0.8,0.35048,0.0,-3.0,-2.9628587776085253,0.001089284245467731,0.17898198909175536,65536
IL10x16,0.8,0.35048,0.0,0.0,-2.953469041269379,0.0011130917368424437,0.183900386992826,65536
IL10x16,0.8,0.35048,0.0,3.0,-2.8712141382710974,0.0013451969121257125,0.1933411885705018,65536
IL10x16,0.8,0.35048,3.0,-3.0,-2.850862355430353,0.0014097355268549978,0.2390106057739251,65536
IL10x16,0.8,0.35048,3.0,0.0,-2.59039326760762,0.002568069260327921,0.24625559212731926,65536
IL10x16,0.8,0.35048,3.0,3.0,-2.236566028397162,0.005800079837233732,0.2601100601131172,65536
IL10x16,1.0,0.4381,-3.0,-3.0,-2.9628587776085253,0.001089284245467731,0.17436965753609973,65536
IL10x16,1.0,0.4381,-3.0,0.0,-2.9581588714974387,0.0011011364234782064,0.17843216394409284,65536
IL10x16,1.0,0.4381,-3.0,3.0,-2.9295881670952446,0.0011760122155758037,0.18627410573933442,65536
IL10x16,1.0,0.4381,0.0,-3.0,-2.9373206551842532,0.0011552589581241117,0.2237274863646942,65536
IL10x16,1.0,0.4381,0.0,0.0,-2.833797320250254,0.0014662319532448935,0.22987548374103245,65536
IL10x16,1.0,0.4381,0.0,3.0,-2.5447349273497246,0.0028527589243080805,0.24167648571312725,65536
IL10x16,1.0,0.4381,3.0,-3.0,-2.2855271224731837,0.005181707303006364,0.2987632572174064,65536
IL10x16,1.0,0.4381,3.0,0.0,-2.054118963258839,0.00882838037627079,0.3078194901591491,65536
IL10x16,1.0,0.4381,3.0,3.0,-1.7760234451019308,0.016748524577776435,0.32513757514139646,65536
IL10x16,1.3,0.56953,-3.0,-3.0,-2.9490285019725335,0.0011245311705693887,0.22668055479692964,65536
IL10x16,1.3,0.56953,-3.0,0.0,-2.927351205228701,0.0011820852404981481,0.2319618131273207,65536
IL10x16,1.3,0.56953,-3.0,3.0,-2.690022914791724,0.0020416302187659372,0.24215633746113474,65536
IL10x16,1.3,0.56953,0.0,-3.0,-2.4953429887197065,0.003196369745356589,0.29084573227410243,65536
IL10x16,1.3,0.56953,0.0,0.0,-2.2586202289539625,0.005512895636867873,0.2988381288633422,65536
IL10x16,1.3,0.56953,0.0,3.0,-1.9477220331449872,0.011279191411991298,0.3141794314270654,65536
IL10x16,1.3,0.56953,3.0,-3.0,-1.6643375038987458,0.02166020168198843,0.38839223438262827,65536
IL10x16,1.3,0.56953,3.0,0.0,-1.534472507755254,0.029209726613674176,0.40016533720689385,65536
IL10x16,1.3,0.56953,3.0,3.0,-1.3577858826959917,0.043874695693819896,0.42267884768381536,65536
CD15ps,0.4,0.17524,-3.0,-3.0,-2.96431406198857,0.0010856402540952816,0.0697478630144399,65536
CD15ps,0.4,0.17524,-3.0,0.0,-2.9761743145685338,0.001056393415124393,0.07137286557763714,65536
CD15ps,0.4,0.17524,-3.0,3.0,-2.9643646000633423,0.0010855139274243062,0.07450964229573377,65536
CD15ps,0.4,0.17524,0.0,-3.0,-3.088162827297481,0.0008162762726535236,0.08949099454587768,65536
CD15ps,0.4,0.17524,0.0,0.0,-3.0914153117795244,0.0008101859140165321,0.091950193496413,65536
CD15ps,0.4,0.17524,0.0,3.0,-3.1011406148534184,0.0007922447777851717,0.0966705942852509,65536
CD15ps,0.4,0.17524,3.0,-3.0,-3.1077976418302917,0.0007801935546159447,0.11950530288696255,65536
CD15ps,0.4,0.17524,3.0,0.0,-3.102776393018333,0.0007892663858432688,0.12312779606365963,65536
CD15ps,0.4,0.17524,3.0,3.0,-3.1011406148534184,0.0007922447777851717,0.1300550300565586,65536
CD15ps,0.6,0.26286,-3.0,-3.0,-3.1180793217927287,0.0007619398326797894,0.10462179452165983,65536
CD15ps,0.6,0.26286,-3.0,0.0,-3.1180793217927287,0.0007619398326797894,0.10705929836645571,65536
CD15ps,0.6,0.26286,-3.0,3.0,-3.1164435436278146,0.0007648151045760365,0.11176446344360064,65536
CD15ps,0.6,0.26286,0.0,-3.0,-3.1095108550477613,0.0007771218946447237,0.13423649181881653,65536
CD15ps,0.6,0.26286,0.0,0.0,-3.1011219198411495,0.0007922788821665223,0.13792529024461947,65536
CD15ps,0.6,0.26286,0.0,3.0,-3.1077976418302917,0.0007801935546159447,0.14500589142787632,65536
CD15ps,0.6,0.26286,3.0,-3.0,-3.1162658350883228,0.0007651281225672115,0.1792579543304438,65536
CD15ps,0.6,0.26286,3.0,0.0,-3.10294473510665,0.0007889605081279011,0.18469169409548944,65536
CD15ps,0.6,0.26286,3.0,3.0,-2.9544029496544972,0.0011107007122023009,0.19508254508483788,65536
CD15ps,0.8,0.35048,-3.0,-3.0,-3.1095108550477613,0.0007771218946447237,0.1394957260288798,65536
CD15ps,0.8,0.35048,-3.0,0.0,-3.1077976418302913,0.0007801935546159455,0.14274573115527428,65536
CD15ps,0.8,0.35048,-3.0,3.0,-3.1180793217927287,0.0007619398326797894,0.14901928459146754,65536
CD15ps,0.8,0.35048,0.0,-3.0,-3.1095108550477613,0.0007771218946447237,0.17898198909175536,65536
CD15ps,0.8,0.35048,0.0,0.0,-3.0962328625798494,0.0008012483301284346,0.183900386992826,65536
CD15ps,0.8,0.35048,0.0,3.0,-3.047174799961264,0.0008970676594651014,0.1933411885705018,65536
CD15ps,0.8,0.35048,3.0,-3.0,-2.9994068641625575,0.001001366678792849,0.2390106057739251,65536
CD15ps,0.8,0.35048,3.0,0.0,-2.726440346338014,0.001877412277571449,0.24625559212731926,65536
CD15ps,0.8,0.35048,3.0,3.0,-2.275490966352661,0.005302846228279618,0.2601100601131172,65536
CD15ps,1.0,0.4381,-3.0,-3.0,-3.1095108550477613,0.0007771218946447237,0.17436965753609973,65536
CD15ps,1.0,0.4381,-3.0,0.0,-3.1095108550477613,0.0007771218946447237,0.17843216394409284,65536
CD15ps,1.0,0.4381,-3.0,3.0,-3.093265821495258,0.0008067410917456534,0.18627410573933442,65536
CD15ps,1.0,0.4381,0.0,-3.0,-3.0980149417448875,0.0007979672330210838,0.2237274863646942,65536
CD15ps,1.0,0.4381,0.0,0.0,-3.0015675733385314,0.0009963970353085115,0.22987548374103245,65536
CD15ps,1.0,0.4381,0.0,3.0,-2.6461924445677987,0.0022584347908515654,0.24167648571312725,65536
CD15ps,1.0,0.4381,3.0,-3.0,-2.3239543904684012,0.0047429179268709525,0.2987632572174064,65536
CD15ps,1.0,0.4381,3.0,0.0,-2.074163843342971,0.008430166585692452,0.3078194901591491,65536
CD15ps,1.0,0.4381,3.0,3.0,-1.787892884286934,0.016296979367343912,0.32513757514139646,65536
CD15ps,1.3,0.56953,-3.0,-3.0,-3.104449993476683,0.000786230715902202,0.22668055479692964,65536
CD15ps,1.3,0.56953,-3.0,0.0,-3.0788374020498352,0.0008339933696371693,0.2319618131273207,65536
CD15ps,1.3,0.56953,-3.0,3.0,-2.8204456598823024,0.0015120088742262806,0.24215633746113474,65536
CD15ps,1.3,0.56953,0.0,-3.0,-2.570563610031242,0.002688044103104471,0.29084573227410243,65536
CD15ps,1.3,0.56953,0.0,0.0,-2.2871799463946623,0.00516202440662576,0.2988381288633422,65536
CD15ps,1.3,0.56953,0.0,3.0,-1.9665990509246083,0.010799432866895857,0.3141794314270654,65536
CD15ps,1.3,0.56953,3.0,-3.0,-1.6808982682635278,0.020849792239004638,0.38839223438262827,65536
CD15ps,1.3,0.56953,3.0,0.0,-1.5432582926807676,0.028624750326440896,0.40016533720689385,65536
CD15ps,1.3,0.56953,3.0,3.0,-1.3666338295758083,0.042989873820723064,0.42267884768381536,65536
CD28ps,0.4,0.17524,-3.0,-3.0,-2.836156330974712,0.0014582892321591894,0.0697478630144399,65536
CD28ps,0.4,0.17524,-3.0,0.0,-2.8119831735546534,0.0015417601862458355,0.07137286557763714,65536
CD28ps,0.4,0.17524,-3.0,3.0,-2.837993386497605,0.001452133730732586,0.07450964229573377,65536
CD28ps,0.4,0.17524,0.0,-3.0,-3.0845037595991918,0.0008231827107648856,0.08949099454587768,65536
CD28ps,0.4,0.17524,0.0,0.0,-3.061327856611385,0.0008683046831859759,0.091950193496413,65536
CD28ps,0.4,0.17524,0.0,3.0,-3.0759648932053287,0.0008395278481704108,0.0966705942852509,65536
CD28ps,0.4,0.17524,3.0,-3.0,-3.1077976418302917,0.0007801935546159447,0.11950530288696255,65536
CD28ps,0.4,0.17524,3.0,0.0,-3.102776393018333,0.0007892663858432688,0.12312779606365963,65536
CD28ps,0.4,0.17524,3.0,3.0,-3.0994861416762345,0.0007952686421267974,0.1300550300565586,65536
CD28ps,0.6,0.26286,-3.0,-3.0,-3.099523113921947,0.0007952009424038071,0.10462179452165983,65536
CD28ps,0.6,0.26286,-3.0,0.0,-3.1079543349342664,0.0007799121121765484,0.10705929836645571,65536
CD28ps,0.6,0.26286,-3.0,3.0,-3.102776393018333,0.0007892663858432688,0.11176446344360064,65536
CD28ps,0.6,0.26286,0.0,-3.0,-3.109590113099181,0.0007769800840768581,0.13423649181881653,65536
CD28ps,0.6,0.26286,0.0,0.0,-3.1079543349342664,0.0007799121121765484,0.13792529024461947,65536
CD28ps,0.6,0.26286,0.0,3.0,-3.1077976418302917,0.0007801935546159447,0.14500589142787632,65536
CD28ps,0.6,0.26286,3.0,-3.0,-3.1162658350883228,0.0007651281225672115,0.1792579543304438,65536
CD28ps,0.6,0.26286,3.0,0.0,-3.101251559930225,0.0007920424164027332,0.18469169409548944,65536
CD28ps,0.6,0.26286,3.0,3.0,-2.9168932332303563,0.0012108957830632664,0.19508254508483788,65536
CD28ps,0.8,0.35048,-3.0,-3.0,-3.1095108550477613,0.0007771218946447237,0.1394957260288798,65536
CD28ps,0.8,0.35048,-3.0,0.0,-3.1146113619111393,0.0007680484872215213,0.14274573115527428,65536
CD28ps,0.8,0.35048,-3.0,3.0,-3.1164435436278146,0.0007648151045760365,0.14901928459146754,65536
CD28ps,0.8,0.35048,0.0,-3.0,-3.1061431686531082,0.0007831714214766947,0.17898198909175536,65536
CD28ps,0.8,0.35048,0.0,0.0,-3.0962328625798494,0.0008012483301284346,0.183900386992826,65536
CD28ps,0.8,0.35048,0.0,3.0,-3.030511409602368,0.0009321559808091903,0.1933411885705018,65536
CD28ps,0.8,0.35048,3.0,-3.0,-2.97259453463712,0.0010651369857541267,0.2390106057739251,65536
CD28ps,0.8,0.35048,3.0,0.0,-2.665650372514753,0.002159482194298438,0.24625559212731926,65536
CD28ps,0.8,0.35048,3.0,3.0,-2.24154349307495,0.005733984398201597,0.2601100601131172,65536
CD28ps,1.0,0.4381,-3.0,-3.0,-3.1095108550477613,0.0007771218946447237,0.17436965753609973,65536
CD28ps,1.0,0.4381,-3.0,0.0,-3.1146113619111393,0.0007680484872215213,0.17843216394409284,65536
CD28ps,1.0,0.4381,-3.0,3.0,-3.091733904265542,0.0008095917906692498,0.18627410573933442,65536
CD28ps,1.0,0.4381,0.0,-3.0,-3.0868431752484646,0.0008187603910492199,0.2237274863646942,65536
CD28ps,1.0,0.4381,0.0,0.0,-2.9832120380106057,0.0010394125637468543,0.22987548374103245,65536
CD28ps,1.0,0.4381,0.0,3.0,-2.5919259121361424,0.0025590224025431965,0.24167648571312725,65536
CD28ps,1.0,0.4381,3.0,-3.0,-2.2840965201445145,0.005198804424245708,0.2987632572174064,65536
CD28ps,1.0,0.4381,3.0,0.0,-2.0346795270867744,0.009232524587540876,0.3078194901591491,65536
CD28ps,1.0,0.4381,3.0,3.0,-1.7616636598135846,0.017311565376650236,0.32513757514139646,65536
CD28ps,1.3,0.56953,-3.0,-3.0,-3.1096088081114495,0.0007769466382465009,0.22668055479692964,65536
CD28ps,1.3,0.56953,-3.0,0.0,-3.068025422549019,0.000855016660811501,0.2319618131273207,65536
CD28ps,1.3,0.56953,-3.0,3.0,-2.776695464403969,0.001672262825947485,0.24215633746113474,65536
CD28ps,1.3,0.56953,0.0,-3.0,-2.5196756925778505,0.003022207697781101,0.29084573227410243,65536
CD28ps,1.3,0.56953,0.0,0.0,-2.2588148422684253,0.005510425786142139,0.2988381288633422,65536
CD28ps,1.3,0.56953,0.0,3.0,-1.936204661883161,0.01158231409351479,0.3141794314270654,65536
CD28ps,1.3,0.56953,3.0,-3.0,-1.6522312325203983,0.02227248973658552,0.38839223438262827,65536
CD28ps,1.3,0.56953,3.0,0.0,-1.5228482552651366,0.03000210624956927,0.40016533720689385,65536
CD28ps,1.3,0.56953,3.0,3.0,-1.3453556293528515,0.045148608597573435,0.42267884768381536,65536
DGD2ps,0.4,0.17524,-3.0,-3.0,-2.987613747718664,0.0010289310006698904,0.0697478630144399,65536
DGD2ps,0.4,0.17524,-3.0,0.0,-2.9725009333230576,0.001065366574132931,0.07137286557763714,65536
DGD2ps,0.4,0.17524,-3.0,3.0,-3.002181236224832,0.0009949901095580645,0.07450964229573377,65536
DGD2ps,0.4,0.17524,0.0,-3.0,-3.1061431686531082,0.0007831714214766947,0.08949099454587768,65536
DGD2ps,0.4,0.17524,0.0,0.0,-3.1061044666538664,0.0007832412166309258,0.091950193496413,65536
DGD2ps,0.4,0.17524,0.0,3.0,-3.1028142153117684,0.0007891976523772904,0.0966705942852509,65536
DGD2ps,0.4,0.17524,3.0,-3.0,-3.1077976418302917,0.0007801935546159447,0.11950530288696255,65536
DGD2ps,0.4,0.17524,3.0,0.0,-3.1077976418302917,0.0007801935546159447,0.12312779606365963,65536
DGD2ps,0.4,0.17524,3.0,3.0,-3.1077976418302917,0.0007801935546159447,0.1300550300565586,65536
DGD2ps,0.6,0.26286,-3.0,-3.0,-3.1045073904881932,0.000786126813335127,0.10462179452165983,65536
DGD2ps,0.6,0.26286,-3.0,0.0,-3.1180793217927287,0.0007619398326797894,0.10705929836645571,65536
DGD2ps,0.6,0.26286,-3.0,3.0,-3.1214073954282626,0.0007561232712451912,0.11176446344360064,65536
DGD2ps,0.6,0.26286,0.0,-3.0,-3.1077976418302917,0.0007801935546159447,0.13423649181881653,65536
DGD2ps,0.6,0.26286,0.0,0.0,-3.1077976418302917,0.0007801935546159447,0.13792529024461947,65536
DGD2ps,0.6,0.26286,0.0,3.0,-3.1077976418302917,0.0007801935546159447,0.14500589142787632,65536
DGD2ps,0.6,0.26286,3.0,-3.0,-3.1162658350883228,0.0007651281225672115,0.1792579543304438,65536
DGD2ps,0.6,0.26286,3.0,0.0,-3.106161863665377,0.00078313770913446,0.18469169409548944,65536
DGD2ps,0.6,0.26286,3.0,3.0,-2.970160152438249,0.001071124239679066,0.19508254508483788,65536
DGD2ps,0.8,0.35048,-3.0,-3.0,-3.1095108550477613,0.0007771218946447237,0.1394957260288798,65536
DGD2ps,0.8,0.35048,-3.0,0.0,-3.099523113921947,0.0007952009424038071,0.14274573115527428,65536
DGD2ps,0.8,0.35048,-3.0,3.0,-3.1078750768828467,0.0007800544578837031,0.14901928459146754,65536
DGD2ps,0.8,0.35048,0.0,-3.0,-3.1162658350883228,0.0007651281225672115,0.17898198909175536,65536
DGD2ps,0.8,0.35048,0.0,0.0,-3.1077976418302917,0.0007801935546159447,0.183900386992826,65536
DGD2ps,0.8,0.35048,0.0,3.0,-3.054484992029185,0.0008820942842567256,0.1933411885705018,65536
DGD2ps,0.8,0.35048,3.0,-3.0,-3.015569150911586,0.0009647856807469066,0.2390106057739251,65536
DGD2ps,0.8,0.35048,3.0,0.0,-2.7447998445903603,0.001799700160589002,0.24625559212731926,65536
DGD2ps,0.8,0.35048,3.0,3.0,-2.29745924828045,0.005041279213749425,0.2601100601131172,65536
DGD2ps,1.0,0.4381,-3.0,-3.0,-3.0946702071983054,0.0008041365323653902,0.17436965753609973,65536
DGD2ps,1.0,0.4381,-3.0,0.0,-3.1016390463160164,0.0007913360551822257,0.17843216394409284,65536
DGD2ps,1.0,0.4381,-3.0,3.0,-3.093051089944439,0.0008071400735573548,0.18627410573933442,65536
DGD2ps,1.0,0.4381,0.0,-3.0,-3.1162658350883228,0.0007651281225672115,0.2237274863646942,65536
DGD2ps,1.0,0.4381,0.0,0.0,-3.050536107614414,0.0008901514269831377,0.22987548374103245,65536
DGD2ps,1.0,0.4381,0.0,3.0,-2.687390033482535,0.0020540450597456533,0.24167648571312725,65536
DGD2ps,1.0,0.4381,3.0,-3.0,-2.354412053280047,0.00442168649086629,0.2987632572174064,65536
DGD2ps,1.0,0.4381,3.0,0.0,-2.1039569437288397,0.007871238218557822,0.3078194901591491,65536
DGD2ps,1.0,0.4381,3.0,3.0,-1.8052109416083006,0.015659902666550644,0.32513757514139646,65536
DGD2ps,1.3,0.56953,-3.0,-3.0,-3.1163661085752588,0.0007649514838771758,0.22668055479692964,65536
DGD2ps,1.3,0.56953,-3.0,0.0,-3.0673899703084353,0.0008562686222324863,0.2319618131273207,65536
DGD2ps,1.3,0.56953,-3.0,3.0,-2.8529626328858035,0.0014029344091926607,0.24215633746113474,65536
DGD2ps,1.3,0.56953,0.0,-3.0,-2.6517850935892935,0.002229538141662968,0.29084573227410243,65536
DGD2ps,1.3,0.56953,0.0,0.0,-2.3472809732669533,0.004494889572446521,0.2988381288633422,65536
DGD2ps,1.3,0.56953,0.0,3.0,-1.987962638184852,0.010281047408966851,0.3141794314270654,65536
DGD2ps,1.3,0.56953,3.0,-3.0,-1.6966334904680875,0.020107890406179708,0.38839223438262827,65536
DGD2ps,1.3,0.56953,3.0,0.0,-1.5580735523623597,0.02766473074268503,0.40016533720689385,65536
DGD2ps,1.3,0.56953,3.0,3.0,-1.3788283975833802,0.04179954962327136,0.42267884768381536,65536
DGD5ps,0.4,0.17524,-3.0,-3.0,-3.0725422873297106,0.0008461701730580477,0.0697478630144399,65536
DGD5ps,0.4,0.17524,-3.0,0.0,-3.05737853802353,0.0008762367462253837,0.07137286557763714,65536
DGD5ps,0.4,0.17524,-3.0,3.0,-3.06808763347705,0.0008548941919047467,0.07450964229573377,65536
DGD5ps,0.4,0.17524,0.0,-3.0,-3.111244586276364,0.0007740257586502843,0.08949099454587768,65536
DGD5ps,0.4,0.17524,0.0,0.0,-3.1162658350883228,0.0007651281225672115,0.091950193496413,65536
DGD5ps,0.4,0.17524,0.0,3.0,-3.1111257154658247,0.0007742376463582816,0.0966705942852509,65536
DGD5ps,0.4,0.17524,3.0,-3.0,-3.1077976418302917,0.0007801935546159447,0.11950530288696255,65536
DGD5ps,0.4,0.17524,3.0,0.0,-3.106161863665377,0.00078313770913446,0.12312779606365963,65536
DGD5ps,0.4,0.17524,3.0,3.0,-3.1077976418302917,0.0007801935546159447,0.1300550300565586,65536
DGD5ps,0.6,0.26286,-3.0,-3.0,-3.102776393018333,0.0007892663858432688,0.10462179452165983,65536
DGD5ps,0.6,0.26286,-3.0,0.0,-3.1077976418302917,0.0007801935546159447,0.10705929836645571,65536
DGD5ps,0.6,0.26286,-3.0,3.0,-3.106161863665377,0.00078313770913446,0.11176446344360064,65536
DGD5ps,0.6,0.26286,0.0,-3.0,-3.1162658350883228,0.0007651281225672115,0.13423649181881653,65536
DGD5ps,0.6,0.26286,0.0,0.0,-3.1077976418302917,0.0007801935546159447,0.13792529024461947,65536
DGD5ps,0.6,0.26286,0.0,3.0,-3.1061431686531082,0.0007831714214766947,0.14500589142787632,65536
DGD5ps,0.6,0.26286,3.0,-3.0,-3.1162658350883228,0.0007651281225672115,0.1792579543304438,65536
DGD5ps,0.6,0.26286,3.0,0.0,-3.1077976418302917,0.0007801935546159447,0.18469169409548944,65536
DGD5ps,0.6,0.26286,3.0,3.0,-2.973167071495059,0.0010637337250382092,0.19508254508483788,65536
DGD5ps,0.8,0.35048,-3.0,-3.0,-3.102776393018333,0.0007892663858432688,0.1394957260288798,65536
DGD5ps,0.8,0.35048,-3.0,0.0,-3.1077976418302917,0.0007801935546159447,0.14274573115527428,65536
DGD5ps,0.8,0.35048,-3.0,3.0,-3.1077976418302917,0.0007801935546159447,0.14901928459146754,65536
DGD5ps,0.8,0.35048,0.0,-3.0,-3.1077976418302917,0.0007801935546159447,0.17898198909175536,65536
DGD5ps,0.8,0.35048,0.0,0.0,-3.106161863665377,0.00078313770913446,0.183900386992826,65536
DGD5ps,0.8,0.35048,0.0,3.0,-3.0559236028893806,0.0008791771600285932,0.1933411885705018,65536
DGD5ps,0.8,0.35048,3.0,-3.0,-3.0137987093089946,0.0009687267463625625,0.2390106057739251,65536
DGD5ps,0.8,0.35048,3.0,0.0,-2.7234380637341267,0.0018904358136738668,0.24625559212731926,65536
DGD5ps,0.8,0.35048,3.0,3.0,-2.2844799061911627,0.005194217054011282,0.2601100601131172,65536
DGD5ps,1.0,0.4381,-3.0,-3.0,-3.1162658350883228,0.0007651281225672115,0.17436965753609973,65536
DGD5ps,1.0,0.4381,-3.0,0.0,-3.1077976418302917,0.0007801935546159447,0.17843216394409284,65536
DGD5ps,1.0,0.4381,-3.0,3.0,-3.1011967143802974,0.0007921424470196602,0.18627410573933442,65536
DGD5ps,1.0,0.4381,0.0,-3.0,-3.1077976418302917,0.0007801935546159447,0.2237274863646942,65536
DGD5ps,1.0,0.4381,0.0,0.0,-3.0444058493467403,0.0009028054053426886,0.22987548374103245,65536
DGD5ps,1.0,0.4381,0.0,3.0,-2.6662537678337226,0.00215648395984712,0.24167648571312725,65536
DGD5ps,1.0,0.4381,3.0,-3.0,-2.3480770296852604,0.00448665804185982,0.2987632572174064,65536
DGD5ps,1.0,0.4381,3.0,0.0,-2.0957720817794767,0.00802098895331659,0.3078194901591491,65536
DGD5ps,1.0,0.4381,3.0,3.0,-1.7923213535192069,0.01613164464019686,0.32513757514139646,65536
DGD5ps,1.3,0.56953,-3.0,-3.0,-3.1146113619111393,0.0007680484872215213,0.22668055479692964,65536
DGD5ps,1.3,0.56953,-3.0,0.0,-3.096287708129777,0.000801147149633593,0.2319618131273207,65536
DGD5ps,1.3,0.56953,-3.0,3.0,-2.899376827448062,0.0012607331503819467,0.24215633746113474,65536
DGD5ps,1.3,0.56953,0.0,-3.0,-2.625166661559021,0.0023704638598490506,0.29084573227410243,65536
DGD5ps,1.3,0.56953,0.0,0.0,-2.3494086102422775,0.004472922668025774,0.2988381288633422,65536
DGD5ps,1.3,0.56953,0.0,3.0,-1.9776964752461925,0.010526973380874036,0.3141794314270654,65536
DGD5ps,1.3,0.56953,3.0,-3.0,-1.6884670542978535,0.02048957478555444,0.38839223438262827,65536
DGD5ps,1.3,0.56953,3.0,0.0,-1.5500373583678526,0.02818140502078179,0.40016533720689385,65536
DGD5ps,1.3,0.56953,3.0,3.0,-1.3711322812591924,0.04254688003404928,0.42267884768381536,65536
Comb_IL20x20_CD15_DGD5,0.4,0.17524,-3.0,-3.0,-0.8626723329367808,0.1371916461095305,0.04403306636173866,65536
Comb_IL20x20_CD15_DGD5,0.4,0.17524,-3.0,0.0,-0.8573110937037449,0.13889573372440323,0.04600002100304583,65536
Comb_IL20x20_CD15_DGD5,0.4,0.17524,-3.0,3.0,-0.8494210655128166,0.14144217776390147,0.04968997780240075,65536
Comb_IL20x20_CD15_DGD5,0.4,0.17524,0.0,-3.0,-0.912881087495534,0.12221342422415256,0.058478132679490806,65536
Comb_IL20x20_CD15_DGD5,0.4,0.17524,0.0,0.0,-0.8986478703879802,0.12628510498306145,0.061382854852322324,65536
Comb_IL20x20_CD15_DGD5,0.4,0.17524,0.0,3.0,-0.8820230536001169,0.13121302455234374,0.06679871566590205,65536
Comb_IL20x20_CD15_DGD5,0.4,0.17524,3.0,-3.0,-0.9825037077841117,0.10411092191274908,0.07983864202508982,65536
Comb_IL20x20_CD15_DGD5,0.4,0.17524,3.0,0.0,-0.9452992943793342,0.11342288915503718,0.08404560750496777,65536
Comb_IL20x20_CD15_DGD5,0.4,0.17524,3.0,3.0,-0.8880135477676214,0.12941554697856597,0.09186098484347664,65536
Comb_IL20x20_CD15_DGD5,0.6,0.26286,-3.0,-3.0,-1.0457605475976208,0.0899993664843367,0.06604959954260799,65536
Comb_IL20x20_CD15_DGD5,0.6,0.26286,-3.0,0.0,-1.0217645336172592,0.09511203336232596,0.06900003150456874,65536
Comb_IL20x20_CD15_DGD5,0.6,0.26286,-3.0,3.0,-0.9877863195193782,0.10285222245766065,0.0745349667036011,65536
Comb_IL20x20_CD15_DGD5,0.6,0.26286,0.0,-3.0,-1.079588212948838,0.08325528024987114,0.08771719901923619,65536
Comb_IL20x20_CD15_DGD5,0.6,0.26286,0.0,0.0,-1.0581717708232465,0.08746377727541467,0.09207428227848348,65536
Comb_IL20x20_CD15_DGD5,0.6,0.26286,0.0,3.0,-0.9677902619529645,0.1076985206970352,0.10019807349885305,65536
Comb_IL20x20_CD15_DGD5,0.6,0.26286,3.0,-3.0,-1.1145449770105664,0.0768165897692126,0.11975796303763471,65536
Comb_IL20x20_CD15_DGD5,0.6,0.26286,3.0,0.0,-1.0129343859643682,0.09706566048124991,0.12606841125745166,65536
Comb_IL20x20_CD15_DGD5,0.6,0.26286,3.0,3.0,-0.917948398279726,0.12079573528742583,0.1377914772652149,65536
Comb_IL20x20_CD15_DGD5,0.8,0.35048,-3.0,-3.0,-1.2204420813843948,0.06019465346661799,0.08806613272347733,65536
Comb_IL20x20_CD15_DGD5,0.8,0.35048,-3.0,0.0,-1.170220390030015,0.06757399727680241,0.09200004200609166,65536
Comb_IL20x20_CD15_DGD5,0.8,0.35048,-3.0,3.0,-1.0705280795591416,0.08501037274658241,0.0993799556048015,65536
Comb_IL20x20_CD15_DGD5,0.8,0.35048,0.0,-3.0,-1.19539591102736,0.06376818983117029,0.11695626535898161,65536
Comb_IL20x20_CD15_DGD5,0.8,0.35048,0.0,0.0,-1.119639472215393,0.07592075665510425,0.12276570970464465,65536
Comb_IL20x20_CD15_DGD5,0.8,0.35048,0.0,3.0,-1.0019838375906478,0.09954424623748086,0.1335974313318041,65536
Comb_IL20x20_CD15_DGD5,0.8,0.35048,3.0,-3.0,-1.1532042204738706,0.0702741788378097,0.15967728405017964,65536
Comb_IL20x20_CD15_DGD5,0.8,0.35048,3.0,0.0,-1.0374444112888568,0.09173933521486595,0.16809121500993554,65536
Comb_IL20x20_CD15_DGD5,0.8,0.35048,3.0,3.0,-0.9240681267818905,0.11910551552746082,0.18372196968695328,65536
Comb_IL20x20_CD15_DGD5,1.0,0.4381,-3.0,-3.0,-1.3644408496303324,0.043207501169138476,0.11008266590434665,65536
Comb_IL20x20_CD15_DGD5,1.0,0.4381,-3.0,0.0,-1.2507758185524205,0.05613376619966876,0.11500005250761457,65536
Comb_IL20x20_CD15_DGD5,1.0,0.4381,-3.0,3.0,-1.102226594497273,0.07902661965684578,0.12422494450600186,65536
Comb_IL20x20_CD15_DGD5,1.0,0.4381,0.0,-3.0,-1.2176445020885063,0.06058365879765639,0.146195331698727,65536
Comb_IL20x20_CD15_DGD5,1.0,0.4381,0.0,0.0,-1.1223958671117342,0.0754404261321405,0.1534571371308058,65536
Comb_IL20x20_CD15_DGD5,1.0,0.4381,0.0,3.0,-1.01571079183878,0.09644710765729343,0.16699678916475508,65536
Comb_IL20x20_CD15_DGD5,1.0,0.4381,3.0,-3.0,-1.1533311405250297,0.07025364461603358,0.19959660506272453,65536
Comb_IL20x20_CD15_DGD5,1.0,0.4381,3.0,0.0,-1.0351777350130635,0.09221939420541209,0.21011401876241942,65536
Comb_IL20x20_CD15_DGD5,1.0,0.4381,3.0,3.0,-0.9263536212536684,0.11848036372027773,0.22965246210869159,65536
Comb_IL20x20_CD15_DGD5,1.3,0.56953,-3.0,-3.0,-1.452500267974201,0.03527765689438808,0.14310746567565064,65536
Comb_IL20x20_CD15_DGD5,1.3,0.56953,-3.0,0.0,-1.2895055711087264,0.05134455910053739,0.14950006825989895,65536
Comb_IL20x20_CD15_DGD5,1.3,0.56953,-3.0,3.0,-1.1279426093497757,0.07448303943975038,0.1614924278578024,65536
Comb_IL20x20_CD15_DGD5,1.3,0.56953,0.0,-3.0,-1.2400184810851413,0.05754154504310485,0.1900539312083451,65536
Comb_IL20x20_CD15_DGD5,1.3,0.56953,0.0,0.0,-1.1365015702453536,0.07302951723961729,0.19949427827004754,65536
Comb_IL20x20_CD15_DGD5,1.3,0.56953,0.0,3.0,-1.0191781633114207,0.09568014761846018,0.21709582591418164,65536
Comb_IL20x20_CD15_DGD5,1.3,0.56953,3.0,-3.0,-1.1293798624063989,0.07423695288170161,0.2594755865815419,65536
Comb_IL20x20_CD15_DGD5,1.3,0.56953,3.0,0.0,-1.0057240658419084,0.09869063291336344,0.2731482243911452,65536
Comb_IL20x20_CD15_DGD5,1.3,0.56953,3.0,3.0,-0.8957506659712329,0.1271303767522528,0.29854820074129906,65536
Comb_IL20x10_CD15_DGD5,0.4,0.17524,-3.0,-3.0,-1.2050824395569344,0.062361644681870075,0.04403306636173866,65536
Comb_IL20x10_CD15_DGD5,0.4,0.17524,-3.0,0.0,-1.1904548855536128,0.06449783166401396,0.04600002100304583,65536
Comb_IL20x10_CD15_DGD5,0.4,0.17524,-3.0,3.0,-1.2051738942552621,0.06234851381058753,0.04968997780240075,65536
Comb_IL20x10_CD15_DGD5,0.4,0.17524,0.0,-3.0,-1.477023822900321,0.033340812340734424,0.058478132679490806,65536
Comb_IL20x10_CD15_DGD5,0.4,0.17524,0.0,0.0,-1.436886222444268,0.03656905835993524,0.061382854852322324,65536
Comb_IL20x10_CD15_DGD5,0.4,0.17524,0.0,3.0,-1.4099085349222966,0.03891270889131464,0.06679871566590205,65536
Comb_IL20x10_CD15_DGD5,0.4,0.17524,3.0,-3.0,-1.854408289467509,0.013982721591047369,0.07983864202508982,65536
Comb_IL20x10_CD15_DGD5,0.4,0.17524,3.0,0.0,-1.7501417343369006,0.017776991536918,0.08404560750496777,65536
Comb_IL20x10_CD15_DGD5,0.4,0.17524,3.0,3.0,-1.639660514471377,0.02292659111089247,0.09186098484347664,65536
Comb_IL20x10_CD15_DGD5,0.6,0.26286,-3.0,-3.0,-1.8599028662319341,0.013806930341728526,0.06604959954260799,65536
Comb_IL20x10_CD15_DGD5,0.6,0.26286,-3.0,0.0,-1.8184873566475062,0.015188421585210133,0.06900003150456874,65536
Comb_IL20x10_CD15_DGD5,0.6,0.26286,-3.0,3.0,-1.7967209219874831,0.01596904990135872,0.0745349667036011,65536
Comb_IL20x10_CD15_DGD5,0.6,0.26286,0.0,-3.0,-2.4529222272986373,0.0035243397865636693,0.08771719901923619,65536
Comb_IL20x10_CD15_DGD5,0.6,0.26286,0.0,0.0,-2.4346947318515952,0.0036754055614369365,0.09207428227848348,65536
Comb_IL20x10_CD15_DGD5,0.6,0.26286,0.0,3.0,-2.2701326693716677,0.00536867767600357,0.10019807349885305,65536
Comb_IL20x10_CD15_DGD5,0.6,0.26286,3.0,-3.0,-2.798474210816249,0.0015904711260408763,0.11975796303763471,65536
Comb_IL20x10_CD15_DGD5,0.6,0.26286,3.0,0.0,-2.615201072911995,0.0024254868650066567,0.12606841125745166,65536
Comb_IL20x10_CD15_DGD5,0.6,0.26286,3.0,3.0,-2.164657361971465,0.006844514344809822,0.1377914772652149,65536
Comb_IL20x10_CD15_DGD5,0.8,0.35048,-3.0,-3.0,-2.60710566889089,0.0024711228189853926,0.08806613272347733,65536
Comb_IL20x10_CD15_DGD5,0.8,0.35048,-3.0,0.0,-2.491763723703825,0.0032228216785512433,0.09200004200609166,65536
Comb_IL20x10_CD15_DGD5,0.8,0.35048,-3.0,3.0,-2.450936997247986,0.003540486989187899,0.0993799556048015,65536
Comb_IL20x10_CD15_DGD5,0.8,0.35048,0.0,-3.0,-2.85551859645872,0.0013947019353240172,0.11695626535898161,65536
Comb_IL20x10_CD15_DGD5,0.8,0.35048,0.0,0.0,-2.8684778268409,0.0013536992028126962,0.12276570970464465,65536
Comb_IL20x10_CD15_DGD5,0.8,0.35048,0.0,3.0,-2.721270844349769,0.0018998930569700248,0.1335974313318041,65536
Comb_IL20x10_CD15_DGD5,0.8,0.35048,3.0,-3.0,-2.8628117230889365,0.0013714762046175596,0.15967728405017964,65536
Comb_IL20x10_CD15_DGD5,0.8,0.35048,3.0,0.0,-2.6582244921838045,0.0021967240654417125,0.16809121500993554,65536
Comb_IL20x10_CD15_DGD5,0.8,0.35048,3.0,3.0,-2.1544974996832695,0.007006522166431582,0.18372196968695328,65536
Comb_IL20x10_CD15_DGD5,1.0,0.4381,-3.0,-3.0,-2.8338176988992134,0.0014661631540165124,0.11008266590434665,65536
Comb_IL20x10_CD15_DGD5,1.0,0.4381,-3.0,0.0,-2.7914052593233176,0.001616570840099251,0.11500005250761457,65536
Comb_IL20x10_CD15_DGD5,1.0,0.4381,-3.0,3.0,-2.785373124923989,0.0016391808627195016,0.12422494450600186,65536
Comb_IL20x10_CD15_DGD5,1.0,0.4381,0.0,-3.0,-2.874841457497175,0.001334008333169764,0.146195331698727,65536
Comb_IL20x10_CD15_DGD5,1.0,0.4381,0.0,0.0,-2.8533894702888234,0.0014015562413139775,0.1534571371308058,65536
Comb_IL20x10_CD15_DGD5,1.0,0.4381,0.0,3.0,-2.607513988266586,0.002468800585597667,0.16699678916475508,65536
Comb_IL20x10_CD15_DGD5,1.0,0.4381,3.0,-3.0,-2.665096585179678,0.0021622375981341165,0.19959660506272453,65536
Comb_IL20x10_CD15_DGD5,1.0,0.4381,3.0,0.0,-2.3509329253431326,0.004457250831390478,0.21011401876241942,65536
Comb_IL20x10_CD15_DGD5,1.0,0.4381,3.0,3.0,-1.889318295829139,0.012902732815382064,0.22965246210869159,65536
Comb_IL20x10_CD15_DGD5,1.3,0.56953,-3.0,-3.0,-2.8954057903230765,0.0012723137178205105,0.14310746567565064,65536
Comb_IL20x10_CD15_DGD5,1.3,0.56953,-3.0,0.0,-2.8555637748565146,0.0013945568560651662,0.14950006825989895,65536
Comb_IL20x10_CD15_DGD5,1.3,0.56953,-3.0,3.0,-2.7362541068514274,0.0018354640942039276,0.1614924278578024,65536
Comb_IL20x10_CD15_DGD5,1.3,0.56953,0.0,-3.0,-2.792963941785261,0.0016107793679785963,0.1900539312083451,65536
Comb_IL20x10_CD15_DGD5,1.3,0.56953,0.0,0.0,-2.5891135862509347,0.0025756474289014195,0.19949427827004754,65536
Comb_IL20x10_CD15_DGD5,1.3,0.56953,0.0,3.0,-2.192524160871995,0.006419125093402995,0.21709582591418164,65536
Comb_IL20x10_CD15_DGD5,1.3,0.56953,3.0,-3.0,-2.0743830395920475,0.008425912802313303,0.2594755865815419,65536
Comb_IL20x10_CD15_DGD5,1.3,0.56953,3.0,0.0,-1.8226751879699201,0.015042665975048697,0.2731482243911452,65536
Comb_IL20x10_CD15_DGD5,1.3,0.56953,3.0,3.0,-1.4971394286827449,0.03183175410635755,0.29854820074129906,65536
HighNoise_IL10x10,0.4,0.17524,-3.0,-3.0,-2.0681924517207566,0.008546878855879134,0.0697478630144399,65536
HighNoise_IL10x10,0.4,0.17524,-3.0,0.0,-2.0969283964346923,0.007999661371933973,0.07137286557763714,65536
HighNoise_IL10x10,0.4,0.17524,-3.0,3.0,-2.14149121097658,0.007219527732900221,0.07450964229573377,65536
HighNoise_IL10x10,0.4,0.17524,0.0,-3.0,-2.5388429223580977,0.0028917255859645706,0.08949099454587768,65536
HighNoise_IL10x10,0.4,0.17524,0.0,0.0,-2.6048747541513873,0.002483849317393795,0.091950193496413,65536
HighNoise_IL10x10,0.4,0.17524,0.0,3.0,-2.7334743670112194,0.0018472498203256644,0.0966705942852509,65536
HighNoise_IL10x10,0.4,0.17524,3.0,-3.0,-3.0531501853382625,0.0008848095769184929,0.11950530288696255,65536
HighNoise_IL10x10,0.4,0.17524,3.0,0.0,-3.029996988614439,0.0009332607719781526,0.12312779606365963,65536
HighNoise_IL10x10,0.4,0.17524,3.0,3.0,-3.0177333628084484,0.0009599898410158651,0.1300550300565586,65536
HighNoise_IL10x10,0.6,0.26286,-3.0,-3.0,-2.8999500312316364,0.0012590702687380211,0.10462179452165983,65536
HighNoise_IL10x10,0.6,0.26286,-3.0,0.0,-2.9068242951331578,0.001239297874561317,0.10705929836645571,65536
HighNoise_IL10x10,0.6,0.26286,-3.0,3.0,-2.8857130507551467,0.0013010289165094517,0.11176446344360064,65536
HighNoise_IL10x10,0.6,0.26286,0.0,-3.0,-3.0471330980474747,0.0008971538020155664,0.13423649181881653,65536
HighNoise_IL10x10,0.6,0.26286,0.0,0.0,-3.056433321450046,0.0008781459011525651,0.13792529024461947,65536
HighNoise_IL10x10,0.6,0.26286,0.0,3.0,-3.0520844092963344,0.0008869836015168193,0.14500589142787632,65536
HighNoise_IL10x10,0.6,0.26286,3.0,-3.0,-3.089850271376731,0.0008131107982794158,0.1792579543304438,65536
HighNoise_IL10x10,0.6,0.26286,3.0,0.0,-3.0694770798513584,0.000852163483625334,0.18469169409548944,65536
HighNoise_IL10x10,0.6,0.26286,3.0,3.0,-2.88715456886926,0.0012967176766848659,0.19508254508483788,65536
HighNoise_IL10x10,0.8,0.35048,-3.0,-3.0,-3.086633142818004,0.000819156453701896,0.1394957260288798,65536
HighNoise_IL10x10,0.8,0.35048,-3.0,0.0,-3.0786866838401763,0.0008342828501774718,0.14274573115527428,65536
HighNoise_IL10x10,0.8,0.35048,-3.0,3.0,-3.05599902087874,0.0008790244985981882,0.14901928459146754,65536
HighNoise_IL10x10,0.8,0.35048,0.0,-3.0,-3.0819354229748956,0.0008280652829767008,0.17898198909175536,65536
HighNoise_IL10x10,0.8,0.35048,0.0,0.0,-3.0625032202585607,0.0008659579023282469,0.183900386992826,65536
HighNoise_IL10x10,0.8,0.35048,0.0,3.0,-2.969717757254392,0.0010722158990395412,0.1933411885705018,65536
HighNoise_IL10x10,0.8,0.35048,3.0,-3.0,-2.93871305909551,0.0011515609807287806,0.2390106057739251,65536
HighNoise_IL10x10,0.8,0.35048,3.0,0.0,-2.6814785501137446,0.0020821952426957075,0.24625559212731926,65536
HighNoise_IL10x10,0.8,0.35048,3.0,3.0,-2.2660663774508096,0.005419180574627984,0.2601100601131172,65536
HighNoise_IL10x10,1.0,0.4381,-3.0,-3.0,-3.1011406148534184,0.0007922447777851717,0.17436965753609973,65536
HighNoise_IL10x10,1.0,0.4381,-3.0,0.0,-3.0946153616483785,0.0008042380904028887,0.17843216394409284,65536
HighNoise_IL10x10,1.0,0.4381,-3.0,3.0,-3.0559833120373914,0.0008790562943190662,0.18627410573933442,65536
HighNoise_IL10x10,1.0,0.4381,0.0,-3.0,-3.0619746328520745,0.0008670125164947763,0.2237274863646942,65536
HighNoise_IL10x10,1.0,0.4381,0.0,0.0,-2.930561733925274,0.0011733788776259147,0.22987548374103245,65536
HighNoise_IL10x10,1.0,0.4381,0.0,3.0,-2.5975221189250908,0.0025262590426957804,0.24167648571312725,65536
HighNoise_IL10x10,1.0,0.4381,3.0,-3.0,-2.318554403934267,0.004802259187205337,0.2987632572174064,65536
HighNoise_IL10x10,1.0,0.4381,3.0,0.0,-2.0832492017003044,0.008255640982569297,0.3078194901591491,65536
HighNoise_IL10x10,1.0,0.4381,3.0,3.0,-1.7942923305313403,0.016058599592258978,0.32513757514139646,65536
HighNoise_IL10x10,1.3,0.56953,-3.0,-3.0,-3.0802855675692022,0.0008312170299078683,0.22668055479692964,65536
HighNoise_IL10x10,1.3,0.56953,-3.0,0.0,-3.0329464589376176,0.0009269440926469671,0.2319618131273207,65536
HighNoise_IL10x10,1.3,0.56953,-3.0,3.0,-2.787530013247651,0.0016310601859331377,0.24215633746113474,65536
HighNoise_IL10x10,1.3,0.56953,0.0,-3.0,-2.5301848895196914,0.002949953093908479,0.29084573227410243,65536
HighNoise_IL10x10,1.3,0.56953,0.0,0.0,-2.2858466501669983,0.005177896317324701,0.2988381288633422,65536
HighNoise_IL10x10,1.3,0.56953,0.0,3.0,-1.9591249075718282,0.010986897994695247,0.3141794314270654,65536
HighNoise_IL10x10,1.3,0.56953,3.0,-3.0,-1.6918080549866572,0.02033255449735038,0.38839223438262827,65536
HighNoise_IL10x10,1.3,0.56953,3.0,0.0,-1.556338497717916,0.02777547548314006,0.40016533720689385,65536
HighNoise_IL10x10,1.3,0.56953,3.0,3.0,-1.3756610626779153,0.04210551050793221,0.42267884768381536,65536
HighNoise_IL16x16,0.4,0.17524,-3.0,-3.0,-1.1417020725789915,0.07216023309644154,0.050694160166032974,65536
HighNoise_IL16x16,0.4,0.17524,-3.0,0.0,-1.1421672864110406,0.07208297684196203,0.052547599624580464,65536
HighNoise_IL16x16,0.4,0.17524,-3.0,3.0,-1.144094773009665,0.07176376691955681,0.056063696210470124,65536
HighNoise_IL16x16,0.4,0.17524,0.0,-3.0,-1.362734411806554,0.0433776068455364,0.0666054487624383,65536
HighNoise_IL16x16,0.4,0.17524,0.0,0.0,-1.3547261697537827,0.04418489530147724,0.06936510186675786,65536
HighNoise_IL16x16,0.4,0.17524,0.0,3.0,-1.2927129171318363,0.050966766673895346,0.07456815635682905,65536
HighNoise_IL16x16,0.4,0.17524,3.0,-3.0,-1.6959308503744277,0.020140449063985225,0.0903341857167817,65536
HighNoise_IL16x16,0.4,0.17524,3.0,0.0,-1.6057444701372094,0.024788801502862834,0.09435236361479371,65536
HighNoise_IL16x16,0.4,0.17524,3.0,3.0,-1.4777684063778118,0.03328369959730718,0.10189953555878112,65536
HighNoise_IL16x16,0.6,0.26286,-3.0,-3.0,-1.736336694049273,0.018351150881022443,0.07604124024904947,65536
HighNoise_IL16x16,0.6,0.26286,-3.0,0.0,-1.703061622975282,0.01981245882632953,0.07882139943687068,65536
HighNoise_IL16x16,0.6,0.26286,-3.0,3.0,-1.7176912662238752,0.01915617226165263,0.08409554431570518,65536
HighNoise_IL16x16,0.6,0.26286,0.0,-3.0,-2.2912820057141485,0.005113496868060499,0.09990817314365745,65536
HighNoise_IL16x16,0.6,0.26286,0.0,0.0,-2.2011304948380257,0.006293170601066186,0.10404765280013678,65536
HighNoise_IL16x16,0.6,0.26286,0.0,3.0,-2.005889656468233,0.009865301067947667,0.11185223453524357,65536
HighNoise_IL16x16,0.6,0.26286,3.0,-3.0,-2.6529186099474487,0.002223726594693548,0.13550127857517252,65536
HighNoise_IL16x16,0.6,0.26286,3.0,0.0,-2.3591703843817475,0.004373504881676833,0.14152854542219057,65536
HighNoise_IL16x16,0.6,0.26286,3.0,3.0,-1.93071673404104,0.011729601723053776,0.15284930333817168,65536
HighNoise_IL16x16,0.8,0.35048,-3.0,-3.0,-2.4109320320146135,0.0038821111708009,0.10138832033206595,65536
HighNoise_IL16x16,0.8,0.35048,-3.0,0.0,-2.3225408990973087,0.004758379774787293,0.10509519924916093,65536
HighNoise_IL16x16,0.8,0.35048,-3.0,3.0,-2.34713253537573,0.004496426147267727,0.11212739242094025,65536
HighNoise_IL16x16,0.8,0.35048,0.0,-3.0,-2.784556529947507,0.001642265880199631,0.1332108975248766,65536
HighNoise_IL16x16,0.8,0.35048,0.0,0.0,-2.7125836505367764,0.00193827926322135,0.13873020373351572,65536
HighNoise_IL16x16,0.8,0.35048,0.0,3.0,-2.4083085229164425,0.0039056334091439166,0.1491363127136581,65536
HighNoise_IL16x16,0.8,0.35048,3.0,-3.0,-2.7392102443531265,0.0018230129580422126,0.1806683714335634,65536
HighNoise_IL16x16,0.8,0.35048,3.0,0.0,-2.4804320672083877,0.003308018523800759,0.18870472722958742,65536
HighNoise_IL16x16,0.8,0.35048,3.0,3.0,-1.9644399821370306,0.010853255271727027,0.20379907111756224,65536
HighNoise_IL16x16,1.0,0.4381,-3.0,-3.0,-2.7372318881724156,0.0018313363334323128,0.12673540041508244,65536
HighNoise_IL16x16,1.0,0.4381,-3.0,0.0,-2.6971217406916046,0.002008529706051765,0.13136899906145116,65536
HighNoise_IL16x16,1.0,0.4381,-3.0,3.0,-2.590122801375784,0.0025696690788171465,0.1401592405261753,65536
HighNoise_IL16x16,1.0,0.4381,0.0,-3.0,-2.81779900800586,0.0015212514037718646,0.16651362190609575,65536
HighNoise_IL16x16,1.0,0.4381,0.0,0.0,-2.7366616414798286,0.0018337425334748374,0.17341275466689463,65536
HighNoise_IL16x16,1.0,0.4381,0.0,3.0,-2.411799683229162,0.0038743630732076817,0.1864203908920726,65536
HighNoise_IL16x16,1.0,0.4381,3.0,-3.0,-2.4462778599352912,0.003578674016584702,0.22583546429195425,65536
HighNoise_IL16x16,1.0,0.4381,3.0,0.0,-2.1578166926133995,0.006953177359663657,0.23588090903698428,65536
HighNoise_IL16x16,1.0,0.4381,3.0,3.0,-1.7691955039077574,0.017013924297027964,0.2547488388969528,65536
HighNoise_IL16x16,1.3,0.56953,-3.0,-3.0,-2.8154013279433054,0.0015296732499373313,0.16475602053960717,65536
HighNoise_IL16x16,1.3,0.56953,-3.0,0.0,-2.7440204850451995,0.0018029326971153203,0.17077969877988652,65536
HighNoise_IL16x16,1.3,0.56953,-3.0,3.0,-2.5857022752267738,0.0025959583768026353,0.1822070126840279,65536
HighNoise_IL16x16,1.3,0.56953,0.0,-3.0,-2.6173557687987405,0.0024134829283268796,0.2164677084779245,65536
HighNoise_IL16x16,1.3,0.56953,0.0,0.0,-2.418970626116539,0.003810915979824437,0.22543658106696302,65536
HighNoise_IL16x16,1.3,0.56953,0.0,3.0,-2.04322111388705,0.009052715794233591,0.24234650815969438,65536
HighNoise_IL16x16,1.3,0.56953,3.0,-3.0,-1.9030824270504167,0.012500217594502167,0.2935861035795405,65536
HighNoise_IL16x16,1.3,0.56953,3.0,0.0,-1.688697911496576,0.02047868607051296,0.30664518174807953,65536
HighNoise_IL16x16,1.3,0.56953,3.0,3.0,-1.412481094692355,0.0386828893345879,0.3311734905660387,65536
