real_lb,real_ber,predA,predB,x0,x1,x2,x3,x4,x5,x6,x7,x8,x9
-2.744574596327337,0.0018006338231057331,-2.150586771556469,-1.5551386725729661,-0.0010418257776744434,-0.039828689668282624,0.00804052384959135,-0.3107420119833177,0.04949972285848129,0.013410744257672892,-0.04500877550760929,-0.02303538069730461,0.6400976857082652,0.5510688349052093
-2.456772866397111,0.0034932296168251223,-2.0362338893010077,-1.5005438066115526,0.03616161262196781,-0.04713070935350129,-0.03942478264609021,-0.28610846050980443,0.029159086235070075,0.033944171079875844,7.499527609344803e-06,0.04367889680131041,-0.754072640981372,0.7337013284106038
-3.091362082551993,0.00081028522039758,-2.2881129162753804,-1.5684992646408507,0.044641152169607345,-0.015267020056429742,0.013312433992878278,-0.28043990334660235,-0.035059467131289324,0.009008518632881046,0.044222989957791184,-0.03486194628865476,-0.020974208483033663,0.8495294117800161
-2.3904661571799357,0.004069432440218957,-1.9184445831598567,-1.3858477264621964,0.010838544274344164,0.01125414179662112,-0.05068632337590418,-0.32902067023997555,0.03217994646519693,0.06119898879335501,0.02271743948232966,-0.03500622373675346,0.6056650756732751,0.6948512972979519
-2.128099082438771,0.007445620858542207,-2.0750231608416145,-1.5286424153592773,-0.028779332174272976,-0.009800553589968048,-0.07651631801644737,-0.30844525041060983,-0.0010661952782375418,0.03863038175439691,0.009847507324894922,0.017431426964372523,-0.6835924078766783,-0.262377979223096
-2.941800871035361,0.0011434024776721405,-2.1212738457479254,-1.5579681697502086,0.017731226568309732,0.04733635988798798,-0.05409875273724252,-0.2560127196685179,0.012794939422902985,0.019616333784882582,-0.003027230173031792,0.04770092304741615,0.0007084038529592274,0.4470002768996464
-1.804307204881325,0.015692523768366464,-1.7269521049849055,-1.206416444416681,-0.00934176042304975,0.033936672365352784,-0.07179408373968799,-0.33228464669861396,-0.045733855778646984,0.08613406006361746,0.035995836169826705,0.03983882651011376,-0.4989276017016274,0.09283319875480389
-2.3895063899784863,0.004078435609334486,-1.8811873978883398,-1.3540503150190901,-0.03778627527101881,0.022832633197534893,-0.030456795043582514,-0.32480369123056413,0.009780640306986166,0.08679154279854241,0.038425086381425035,0.02516013868634012,0.04767602840469065,-0.8381819984586976
-1.724006161525974,0.018879645635263613,-1.9846940861212479,-1.4401797719879135,-0.03865410582494722,-0.018213176141240874,-0.06325387747944544,-0.3440009208307482,0.03019323850967255,0.015464047157962534,-0.010949490457456346,-0.005627146393549865,0.9863014905947622,0.058683692910605156
-2.388548739134214,0.004087438778450014,-1.8962127299943465,-1.3303396381645662,0.016603237855514597,0.008539635319817884,-0.02311288369469016,-0.29961272533202293,-0.04720360551630037,0.10361445846690845,0.04829133854866374,0.046046357879058,-0.13434500981280373,-0.03742973674016703
-3.0962145853464054,0.0008012820512820513,-2.314079443945766,-1.5605329968136046,0.028388086274337723,-0.024429601216730858,0.005286299589350868,-0.2695729001798508,-0.04978801534760796,0.05762631555500662,-0.025983818303816186,-0.026139473955565908,0.854819540765883,0.3493633837834669
-2.9737225846851927,0.0010623739556323826,-2.259867325234814,-1.6558449816922305,0.0187245876945358,0.0018180344766824176,-0.0042517704634613615,-0.34025569898717906,0.01999136855697429,0.010278370827337076,-0.029684211383862076,-0.046894606752570976,-0.2472967883637729,-0.9271752092665015
-2.5015365476410425,0.0031511091904350332,-2.1526042764720543,-1.6493920007480303,-0.03335711864947435,-0.019380769913110486,-0.04198837276349672,-0.27622167263803704,0.00045691763241485496,0.0478226275288381,-0.003664201913321119,0.007728121749082751,0.194019799081095,-0.7782020479704159
-3.1011219198411495,0.0007922788821665227,-2.133627760151045,-1.558692754524545,0.0050864598976486436,0.03904444547064813,0.0020998865542985953,-0.2608192076996813,-0.003253399151179204,0.10579253631725481,-0.013300657918134312,-0.04919253778184379,-0.8173722043008741,-0.09655135079053345
-2.5528442029644802,0.0027999855949294153,-2.156444186800932,-1.519498055828259,0.02709538763630827,-0.005967754773088036,-0.049711082506393764,-0.32849697976569714,-0.019019410249844815,0.039995400706385895,0.004885474413130231,-0.03238332810316861,-0.3506504939959286,0.40163539348060495
-1.926018817029534,0.011857173725151254,-2.0842363585361756,-1.4293531291658805,-0.02375166541110793,-0.04967673191210352,-0.025127451999997656,-0.3382284765071352,-0.04104937030473368,0.0682473988192307,-0.018887802432018874,-0.0006637925994656181,-0.7734303917404506,-0.40169013517574237
-2.5015365476410425,0.0031511091904350332,-1.927299347689945,-1.3260848030622814,-0.030354846991625568,0.031807559338126824,-0.018733614695263995,-0.34555400956915433,0.0056603682911385515,0.1007346725085173,-0.04265780811748047,0.02890120832231823,0.4564446836370377,-0.3987116948245486
-2.757802862061092,0.0017466148084125611,-2.002682401109127,-1.4418478597331263,0.03755693327489812,0.030619831908558492,-0.04339204363983286,-0.29567314899418284,0.023230224303072713,0.07918080529417004,-0.014606716814064113,0.015307963686180382,-0.6576663083000689,0.629559834915826
-2.952182906829083,0.0011163929703255546,-2.1536854158791625,-1.5620230621942084,-0.00818892476921841,0.03532993903667119,-0.002129485611082567,-0.334572173588292,0.00680727427483211,0.02978891293674352,0.019949518610114004,0.03329964071107309,-0.9084256225984152,0.4917143408930338
-2.992526148507898,0.0010173581100547393,-2.1474792938082126,-1.460315155616292,-0.020312505557259948,0.027388240302691005,0.010935023598278255,-0.33135064644639145,0.03472331474492131,0.03707021048572115,-0.046701792257406484,-0.012184283661755325,0.3020552904378462,0.9487201206707587
-2.3634595156174862,0.0043305243445692886,-2.0117620712361814,-1.4405385844511174,-0.006352645671244584,-0.014430043469352878,-0.02835125130935588,-0.30901875446680815,-0.03262399124709634,0.09480052263590166,0.01199722599151355,0.04006654847162303,0.2381996976219385,-0.1683569881988688
-2.8254965039512627,0.0014945260731777585,-2.0716131056041784,-1.4950465295861977,0.0411022331943663,-0.012196671996437137,-0.04585452831953812,-0.28474435303221357,0.013670903041056115,0.06767713087999627,-0.03143801539153123,-0.01966187818807688,0.9290287352841891,0.14110469477539467
-2.5984465606490987,0.0025208873523480265,-2.1785681920675213,-1.47879461170475,-0.0198043678665032,0.04633786238361375,-0.06828940196583087,-0.2980979166100369,-0.006015557095820995,0.02470625720395326,-0.021101985768358245,0.01394674212553414,-0.7274628496334005,0.8732162433623223
-3.0724767383916194,0.0008462978968596946,-2.1096153003709546,-1.6682615457335852,0.007788052986778904,-0.007870078888210924,-0.0037787889792872537,-0.306854912930318,0.03806414612175501,0.03648882941652286,0.013915320927629616,-0.013691127121239606,0.747876342524431,-0.2981601509935614
-2.5103104719485474,0.0030880870066263325,-2.0492130242354483,-1.4263612117605198,-0.04229886604042095,0.0045787090826928225,-0.033094183416603126,-0.25312873985545126,0.01816483505357557,0.09089902539416576,-0.035222868648064204,-0.04277074370269043,0.7723149155912272,-0.1125617927136261
-2.414160822978146,0.003853356381446269,-2.109499605770918,-1.4477851444137535,-0.010619539921290694,0.04076746390175428,-0.07435842963273015,-0.3174456826526946,-0.008883087138804025,0.04410429050310297,-0.0001358857671709568,-0.027921220227278346,-0.28596848581430845,0.12334353757031669
-2.7192687310625665,0.0019086718524920772,-1.9674840779465195,-1.3721792567615363,-0.01679591095391834,0.048728031747664206,-0.02588513164715221,-0.31225534440391617,0.04144885959032121,0.07139789614814002,-0.028177320609000436,0.037884592833877684,-0.310213685973562,-0.16109314366673566
-2.2710876262627684,0.005356885623739556,-1.8847629891875826,-1.3046850378020567,-0.01603320576618634,0.02968809435576547,-0.07805802235396098,-0.27850653744120357,-0.038958956695032444,0.09868186407800578,0.04150532048527256,0.020454458705435764,-0.9925491174688416,-0.027525559390071064
-2.564161963489013,0.0027279602420051856,-2.0891321788020956,-1.5531082763909916,-0.027790334984058685,-0.025617887991377087,-0.005773686666943504,-0.2595646270567672,-0.02126243317730367,0.08121526966085053,0.0262229379556451,0.03077313326270105,0.14172228123673603,-0.7298862243586393
-1.8715447842662924,0.013441731489484299,-2.0016973976020567,-1.35298527455566,-0.040209569195890284,-0.03197378368811083,-0.02033256161898024,-0.3364408693717058,-0.03786828798634997,0.07153871472494781,-0.01823196659781814,0.0335949582219307,0.3740961396982272,-0.34650064050688123
-2.3237939767787714,0.004744670123883607,-1.8515669238856918,-1.4133059825586114,0.008931284815650309,0.006359257262589036,-0.06026582410880135,-0.31996281777419733,0.047131174643942134,0.09579200162595539,0.002703032785348625,-0.01736628488728324,0.5322220254962917,-0.5614773372137165
-1.894848152131009,0.012739484298473063,-1.712624955664107,-1.2163173013200363,-0.022570616462591286,0.042687468934997114,-0.08158004794711007,-0.34156940036419947,0.04269756521766935,0.05848226554431334,0.010134227756157688,0.036020946171148926,-0.5379272051449977,0.9079875568003273
-2.4131472998065937,0.0038623595505617976,-1.7820798964162623,-1.3404620506655882,-0.0033215814312476722,0.01642001975206322,-0.06518779279343578,-0.2584088723338334,0.043465713425006075,0.09299436430953738,0.03318031681141399,0.041686880696922446,-0.03722521617005303,0.6607730813621033
-3.1011219198411495,0.0007922788821665227,-2.315521472222963,-1.5681613655835367,0.000708411776951634,0.01925621160618395,-0.00025065365221305785,-0.30068426208026355,-0.0431907129359332,0.0645046752561538,-0.044615184983644404,-0.008446005875456764,-0.11578008625857217,0.2655813891118268
-2.2273786983773625,0.005924085278017862,-1.8595951360136223,-1.3590733397045225,0.0028103154893381666,-0.030520384456958385,-0.07019958073189764,-0.25112502913858736,0.024905376062678477,0.08320773056761835,0.04185216782215278,-0.04152720655828901,0.5584474823308787,0.820196324842501
-1.9751972702511982,0.010587726879861712,-1.6395593844725573,-1.14466676124239,-0.045378632501522256,0.0381251560297039,-0.05572170654110956,-0.3028722274133107,0.04646144390655602,0.09790615938105313,-0.0381007928007627,0.04919292871894344,0.7272098826326583,0.977671181339423
-3.02441529292138,0.00094533275713051,-2.228103470025201,-1.6298690992962919,0.034556891870508644,0.044121771333249904,-0.014471588113103898,-0.2662269353125183,-0.02771422265124859,0.02730631986743122,0.017673993154508495,0.0003486436687157868,0.4042187516951439,0.2273542912103932
-2.7645712247435905,0.0017196053010659752,-2.080569543545673,-1.4748366220257993,0.039772818791969956,-0.04018865273463674,0.011034005449252815,-0.26860265217142654,-0.03371777863716851,0.08825015404402972,0.02798697055479432,0.024155873306353118,0.28342049852601625,-0.23049853009129462
-1.7670796272543003,0.017097018150388936,-2.0490521656476233,-1.4525366092435825,0.004932451900175373,-0.02052558469072397,-0.07999995783077621,-0.3038106636975055,-0.01206091762734337,0.06575822757650411,-0.009801428378115385,-0.03960159920276299,-0.8942993489853914,0.5079643409156895
-1.7439236426977418,0.01803334773840392,-2.0178336941010877,-1.4331572138594133,-0.004512867960082973,-0.004749488904410743,-0.0734691278178945,-0.3482594717655227,-0.025502740837920358,0.03292059879516876,0.030405791701407017,0.013056937840385564,-0.46398186171733236,0.38011190542146256
-2.83076074394362,0.0014765197349467013,-2.0610220576364067,-1.5562839127518808,0.04945094314521364,-0.001561071927753921,-0.04759188378656308,-0.2895574438961588,0.0165140765446396,0.04825762048485905,0.02404103989698061,0.005327222336999915,-0.40939741395492346,0.3066067791110487
-2.490510143412999,0.003232137712474791,-2.1110264328056165,-1.5158798972045398,-0.02617140327598183,-0.046072802449654476,-0.013917604691511713,-0.27275581889682543,-0.014025147389320215,0.07704646478535832,-0.024725092176905068,0.004441539966610342,0.8776780981768086,0.5930320864045298
-2.7467515155816113,0.0017916306539902047,-2.2475017708528964,-1.5951208043697935,0.020747166710578538,-0.02794861950311356,-0.03410885825191695,-0.2715797367757405,-0.010025720794917509,0.04160274995167451,-0.04078111633416405,-0.04568178476046897,-0.39068148836225736,-0.4507766289988697
-2.400182322642226,0.003979400749063671,-2.0273277996061183,-1.478738437970491,-0.01288474809220544,0.008192070175443811,-0.05827131978443813,-0.326296847821416,0.03844647684715196,0.026467324036518948,-0.03242136607176068,0.027281545146399945,0.9483084349577249,-0.5024720365939136
-2.707148098386713,0.0019626908671852494,-2.123131777652734,-1.5295933648316478,-0.04432204732197608,0.017963005191287896,-0.03599258196556142,-0.25016448480791276,0.003003596487100524,0.022442848746655877,0.04541618852960133,-0.021178858976707654,0.21488469980262348,0.706431808435787
-2.8637610040465455,0.0013684817055603573,-2.131035962117162,-1.4840498823241746,0.04589030637632668,-0.0027006423895657218,0.006301805598801766,-0.3431634860600216,-0.02940304727784563,0.08252311879377147,-0.005930539096822268,-0.00732680443996056,0.808523591490095,0.2873189947961916
-2.687669744990864,0.002052722558340536,-2.227399252329634,-1.5605649524862732,-0.03244436859053241,0.013740904850003578,-0.03150609299745448,-0.29093005428446994,-0.01637803156478237,0.020898395676445164,0.03692545149887585,-0.03130873400449785,-0.1815762941256972,-0.757096364657661
-2.952182906829083,0.0011163929703255546,-2.1817937667123077,-1.5344337532215053,0.0482760171662486,0.0126836693268636,-0.010433889476993457,-0.316332565595864,-0.007596376377038994,0.017092101857410752,0.04887054728004291,-0.02930599708507854,-0.5806876436836643,0.7938838770604402
-2.4797567733178005,0.003313166234514549,-1.9991313005375997,-1.479895361934974,0.0428455966081069,-0.037154870295057554,-0.03805124154106705,-0.2753650979257997,-0.017254253236464456,0.10745436786363455,0.01604728739362258,-0.0026357128992081148,0.33507004735080637,-0.8296357631239506
-2.836089577448687,0.0014585133967156439,-2.0576330359335886,-1.5888728986283216,0.022704768757159113,0.0012218314299301094,-0.045473997673919006,-0.28285638889819026,0.010524098088136404,0.06307784762861723,0.006889070505189588,0.022811724728971795,0.5835157680904177,0.026732630608018004
-1.5818608707442587,0.02619021895707289,-2.1224659981012852,-1.466329210116962,0.01263292896212298,-0.04471341486216132,-0.062045965413122836,-0.2928227866884473,-0.024613184501964192,0.05076988855712238,-0.03395559390029868,-0.04424314829430076,-0.8400446922386497,-0.6438853841626689
-1.7474067248815028,0.01788929703255546,-1.948593557037755,-1.3226441410604761,-0.047844214618872304,-0.036284189969224466,-0.020761180225492087,-0.29492137690008796,-0.04469571655949703,0.10245801071125288,0.021562576811898493,0.008861811240924089,0.4917945446789609,0.1785547557025926
-3.077121643437383,0.000837294727744166,-2.2420775684937,-1.636839914497606,0.0310389624848875,0.02393806079935351,0.003903108533203921,-0.2794942283709577,-0.030874457898390818,0.07548164469594869,-0.007005279735958676,-0.011603418458670823,-0.9429712691914452,-0.3102006710589159
-2.7976313256295113,0.0015935609334485738,-2.0137852092551145,-1.5691826526822623,0.026239479361399767,-0.010112460434280152,-0.053038204854835846,-0.2649863938521946,0.03548405510552525,0.05620737924493281,0.02977178016244444,0.0027976200993307223,0.10772482822033091,-0.6829359378617408
-3.077121643437383,0.000837294727744166,-2.162210458706832,-1.6286942333661776,-0.014871973637401142,0.0255726937234551,-0.00836817796768689,-0.28831281854341223,0.02541623625384506,0.05262693645830935,-0.02209501400287947,0.019270631017123865,-0.08297490602571034,-0.9380574256807973
-2.778432863588304,0.0016655862863728032,-2.0148518613661364,-1.500463536803961,0.0325977796749276,-0.022733038759802773,-0.010892857508305803,-0.31393006314676497,0.021377130979144544,0.07439444765773624,0.03339715120853427,-0.023376318820992437,-0.2061246372760388,-0.6055015946459067
-2.3914280501133574,0.004060429271103429,-2.0580262123829254,-1.359028853165397,-0.049123913375256026,-0.04169178796421737,-0.08309695536757063,-0.26230487074985587,-0.02211606703777181,0.030212598990399336,-0.04864011203579485,-0.03769521472178161,0.6864562576702862,-0.9805865189745323
-2.5743128809323794,0.0026649380581964853,-2.1084480580718803,-1.482511443923166,0.013638590970670118,0.021398475076354697,-0.06720635037520348,-0.3218558180954354,-0.0044472032713961775,0.05478425446548066,-0.03943884754748499,-0.016000579470606686,0.07425980304555768,-0.5737943860775594
-3.0962145853464054,0.0008012820512820513,-2.2827797296803496,-1.7741261042934227,0.023411073316003575,-0.029810328582940138,0.015809404765975962,-0.3225586697643144,0.00494592635181006,0.011815087978986547,0.005141508755553426,-0.004983015418959836,-0.6203975005880583,-0.8888661859616259
-2.5728481426741054,0.002673941227312014,-2.1333576303316995,-1.6396046592487612,-0.03613067588916019,-0.03428358072468823,-0.01725403818557935,-0.25471310204788083,0.027773789934671434,0.04567853793344245,-0.015031104791468675,0.010459789491958794,-0.5231307025398177,-0.4807017047082306
